wallet,tier
0x0061d151577c2bf506e601b7642635a6565a3d3f,1
0x0077c2093fd8e6a6277b84c2627619b80a72472b,1
0x010475e36100b427bb4dbddb2c023124bebd5a38,1
0x01b86aeebcd1ff94ac1195cfc8fd9e39db24db45,1
0x01faf6dfc230d755141d84d7cb980dd68f5efe13,1
0x0245daf2e303bd4e47acb88c87913a047c9ad6c5,1
0x0253ba3af2fa2e5553bbb4575716379fff068557,1
0x047cb070ba6bd4445c635f9294566c1b2b08a252,1
0x052f67d7037ddbd53ae107596484f1cb86a26b4c,1
0x06046a4b4474ceb2dd43fcbd3f46688c33c46c64,1
0x0655d3e8139b83592bd8da979aa6ffc058830bea,1
0x070307e236f4ecdabe258e3f8f0173c29ed5862a,1
0x08b592fa610b43d90ba949a637dc15dc141f4b3a,1
0x094a2ed822bea563b622652fbd85f1b34749d02a,1
0x09748d883d8fead17bf6bacd7078a9659e66aa0b,1
0x09e48c3c1fdf2935933d66a716d01b48d19c5bc3,1
0x0a9643381b7a6fe41e693c4dd0e4cae57bb2bd69,1
0x0c2207ccd7a3cc54af31d9009bc29b9dba1b3bcd,1
0x0da745f2bd7655e4c70d6b02695ca772c8d2f69e,1
0x0dab237c9a052674fc91bcd804349a83d89d02ba,1
0x0fab0ae71e988948aaa1bed86bdb751cd89b6b4d,1
0x108541e5122a04e97a279d5a3df18e0d71f27e16,1
0x10beefd08d5093194d968af616008fecac847bcb,1
0x11839b17a6d034d96d9f05077cdc935f3db56fc8,1
0x12f2a9694c53c8274748d88ddf411260336f1515,1
0x13fad43cec2c57053c12ca4da10410638f9593df,1
0x14f2389b991810ae9e289177a3cefa659ebb952a,1
0x1593dcd54e5b5ae3974424325d4e802ee9533262,1
0x1616c359cc23d3dc1cf2086adf544cedcfb6883c,1
0x16ac300ece93ededb57286937eb91451ec65b967,1
0x16de92aaac3c5919559b97d33629d6a4d954526d,1
0x1751f7250e0bc37605ec6225e6f206027dbf384d,1
0x17cfd7f0df17ffca51800b8e28fd3b8252dd3208,1
0x18a698b167e61388eb9953f42b88c5d92f26dd82,1
0x18d5346216315667c51d69f346e3c768136f8018,1
0x19c88f6b5e5a274eace401b7699fd6b6f2d67a65,1
0x1a6dee61fe27f06cd14378e53be71679db3b62b4,1
0x1b00ea832ddcdfaf5cbefa73dc06af9f5e4416d1,1
0x1bb3ea2b525feee67271778336b8b9b813273d5e,1
0x1c440b4293ca7514349d0ecaed66b05d5474d575,1
0x1dab3ce0c753c6176d19471e3026a32f629cac79,1
0x1e0e220bc5e70f0e0dfd58b8c5f80c485a245785,1
0x1f42a95385786558b90ff5a3250625cfb510dc7b,1
0x2072d905d301143a561a154204b432441ef4bed1,1
0x2075e5ed7702dd03cf7cfe06c45277c89817b189,1
0x21fba5456cd1f1304642c25293dc58976fdc4059,1
0x251a11a49b45f9ee2320e9cfc978994830b93ded,1
0x27359c2df8a15a1d09d4a5c993148e1f4218ef58,1
0x29abbdea47c7919d5ecf5c8310abe3f7a860ec22,1
0x29c66f54fe449041555d510afd0c1657fb3624e4,1
0x2a16e31b4018fc313a275cd5105fe98156568fd3,1
0x2adce538e273c5128f49595b0a2addb4ae511dbf,1
0x2b038c93d14e889184e9a59ee8b997011c2673b0,1
0x2b6ed02f0310aa1c6621c4f0a4d6677776fd8842,1
0x2c0b7e9f1e5a76a205e6de9028d1d64cfd31fefa,1
0x2c413cdef230dfa63db44e573e1cab18795a5d6d,1
0x2cb9a32b616e0b4363ab4d681188e54d8850652d,1
0x2d4700d79fe17388d6832821142ad0b2d240f447,1
0x2dcae1d2edbec23dd7c7592df1348b58eb97bf91,1
0x2fb87b0d0dbb4ed8ed3325c5b891e7c9e889e038,1
0x3259682e80547b33a3f665e31279c0fba491e8e3,1
0x33c1cde57687b33388c4c9edf9904680140844c4,1
0x3496a0da043108ec81022ebecced3d0cf821a58d,1
0x349c87f2d822560223268f56dbbb65a0f635fd0e,1
0x352bcd3c7c0b031c2e17fc9ad60b201810cb3673,1
0x35e3a5f9a59a441f5b87416ed68eb99753e59171,1
0x35fb31f1ecc50e2fca559e53b6e7af2bddfe94cb,1
0x367907efb4f8aaaab11cd50dcbbde86d601573fa,1
0x37010cd3c9e6495be815b256c136f66f2883bc95,1
0x371bb5277de2a4b2a0ba976cd2e18fb1c4c6aebc,1
0x376263942eaed29ba55af8793f0091e1090aeaac,1
0x37eb46b5afe361f725fa9601797a7eae44b0bb18,1
0x38a404d2e859572fab457ad9adf3cd2d4781d718,1
0x38a69ebbfb26becb4a39154a176896086eef8622,1
0x3917aefd81cb3dd76a2f54d29084c675243b3351,1
0x39c06b54686b0540d6d57a254b976b1df4310df1,1
0x3a61654b224868f44743bf40a1f1ef1f7f4840d9,1
0x3a6de8266241991a94c1648e3bec79cc06f0f38f,1
0x3ad229857e446b9c4e101c9e81d23813174ae00f,1
0x3afa42d87d546bf899159d858af7a650719ddbc9,1
0x3b1311f0932a397999e4e0eff2bbb28b0718a274,1
0x3e3a901dfc227c2964bd9c4f6892cbaf96c49cb4,1
0x3ec9d4c7b85be897b5c9f18f35566ee644dccc4a,1
0x45adb237ce89381361c99c3861edb94479ad3b70,1
0x460ddb531bb3fd2a29bcfde90a9b7bf977e91875,1
0x462ead764f2367fe78109598c0e5bfb4c9d43b03,1
0x479eb982e6d5fbbf77f207184bafdee9aa8f01cb,1
0x485672c27fa30928349861e2b1b126a4a6d00ff3,1
0x490f165270163e904cdd677686acf86dc06790dd,1
0x4a0dee34b540795d5174ef07a464bb118a4242db,1
0x4cc79eff859d06fbe4d530d44ab03f9744283f50,1
0x4d8e49a2a89cdfa85d4ec02fac47b601ef495748,1
0x4e4aac9fe63d4ff50c8b09d79448a6a39baa97ef,1
0x4f2a7538a0f1d294348c8f25e8d223ff13b22918,1
0x4ff83c705cd9eba77f509138412810c60f06363a,1
0x51af05196fd5dde902262cd84075eb94ae559376,1
0x52081a6912cfa64968999fbeb31387446a49b207,1
0x521dc01d9d26806092c45225200a09aa6d8f4b2f,1
0x538f8763282a1a6dfcfc4c9024631d5e79f869ad,1
0x545ef910c6cbb97ee0df691c4a952f7d024d392b,1
0x54b03e5d5e01fd10969c912dd62a1061e96bd3d2,1
0x55095fc6ba14c8e473e62dbe87950bc59904625e,1
0x557758ec7fd3c7e8c1a6b5b42f15ac6b82891f18,1
0x558231b8eb83d5482d986335cef5aceb955e7f3e,1
0x55b7b045c65effcf61a01d7a8a979d2c258b7a29,1
0x5664251b374ad90bf466737692281df16b4c0a20,1
0x56e272cccf89be591f63d521200cf6f06fd8bbcf,1
0x573d4f8ef8c0adf4ac3a1f07462fce777f1bb2f3,1
0x57568540beaac9a78b353b1b12ad0d3b0719ed14,1
0x5a6632686fa13722c6a2e0a173db1f38dc4ac7ad,1
0x5ab59a28f190e0bdeb73ad880fa0f7b8a063fdd7,1
0x5b771eb0da5a5460cb6c1bc0084db0df8b789955,1
0x5c1400db3994a25be52787415074a50379f60f6f,1
0x5cac6e69e4fe2a29556ad91c94fe68259b663d85,1
0x5e4be30aeccb0c4f9811eb3876d0271ea826eb67,1
0x5f88648757873f178b69381384f2af43e55768df,1
0x60205bab990bf54c701f8850e56bc52446008930,1
0x607fe5375f3d891806d2e2268801894222fcd2cd,1
0x61c7e844fc5c310f8451902597c0452ec12cc31b,1
0x62591cc06ef5f43ce79a06f7eb2aec59ef5d2374,1
0x626d4fc50d24b44591a4d0526d6eea401a2258bd,1
0x6444420c915d7ab64bf32e814767c0f57536902a,1
0x649995f20d11f54188e865d8a4adcfde4692ecd1,1
0x65f057baae12390962df18b3dbd37e797802e6ee,1
0x66741dbe71473188d2beb7893f1dcc28ae9ceb6e,1
0x66b33369524586788bbac9508e6b7f6a7e960e8b,1
0x6786e67c18630156fd154f25ba6d662823d1307a,1
0x6790ddf40f7cb2cea83cd14a42d0b312252d1ffe,1
0x68227b00bcf55eaa0e3b11627ae5e19821a6538a,1
0x6a45168375ee0c08e8ede3e8ce083240c7bf6516,1
0x6a771a3f243e98d92bb8ffa1fe76c7c32a3eba9f,1
0x6d2cea496ba329a0ce2a8e58719fc162c3d82c04,1
0x6e1e4d3bcb1bb7c8f97b985a5f93c11c3808f4b4,1
0x6e65f8a0d5637ee77c9cc0bb058bd2a1b09bb2c4,1
0x6f2c4676f8750e4d5751ba72af21fbd33f325444,1
0x7284c43a849985cc59c777b16fc040bfb4ffe0e1,1
0x72b293417c86d21493f9a7b487eac2145fc08286,1
0x72b4ba37ddfb5e9cda5ba8b4176212d11de9f7f7,1
0x7367772422348626242bb837a35a0224e5d96c6a,1
0x736f1636cc4e86fcc20f00176c4081bd6fd4b063,1
0x74e66a000b14212a2baeec9edabf1ef4164f9e80,1
0x752a21970c7a40ae54031cfae630371396463d86,1
0x756331e79e4ea0121b47e585adcaf43d5470c69c,1
0x77a9e40c0b0033af3e2a7dc9344327bb91459a5f,1
0x77fabb24d656cc08153309ca9fd9e9c41c6c2005,1
0x7947d3a0a678f93a9ddb47a4153fcaa6c510a9f1,1
0x79e494897199664726a8e9b6a7be3b49a42e0fca,1
0x79f095c916abf6861333939b44453d1f4db4134c,1
0x7a15eb68c1e3cf8d1e40836d94aca93a8afc3255,1
0x7a558a236dc92f5fdfc3d9b14b8bb0ad6912d938,1
0x7baae4eab0e08ebb47f0b39acd77e390d4f321cf,1
0x7bb3bc8164885d8d8f287e9336b0450b8683db4c,1
0x7c4d298ff07153bc7a47dee05b9dfd61e35ef342,1
0x7c945b48b0bbb207577f1d4e183b8fda377483da,1
0x7e8cae716323bc5b2af2544294c2406022987109,1
0x7f4fa5aaf3fba7d550aca8e9e54322ee16a45dd4,1
0x7fc0df2a76fc423c3d150d603292fabd06d5f782,1
0x805885d850982092334859b05a8a1c4b08c087d2,1
0x81264cec072b413fecd31b34e141ee0d86ca43d1,1
0x84123d32f75647d149d62fa043b1bdb86f8e62cc,1
0x8434205c1909c8b7ed0d225043bc114d86582ab0,1
0x854cc995542e05c7bea57034e2b2e88d509d9431,1
0x8561b3b0f51688fbcca21de811c5c1c62407a78c,1
0x87724f88f2220b1b7eb7434b0395b51927c51049,1
0x887fbfda92c658756de4954332256790760f662e,1
0x88c787039ef11b56a2961f9358071c09eb1628f4,1
0x896b2797442e7066f2e46959a0b32398999fcc0d,1
0x8a5e0a140fd2bd671efeeabca0229a8527ec8bb7,1
0x8dceb0f2ce1844af252ee9ce3a9d84b738d3d9b6,1
0x8ed4f5823104c7c0566446c962475d55be7f8ba5,1
0x8f50d2652128969c76bf4c06bdb519ef95757308,1
0x8fa0c4e67e8939e3b15d7800674fa79c80ad8439,1
0x911d7f579c9ac29c39fde217a08096407cda3f4d,1
0x921d16b13fe619e4510c082892b3871f3c85498c,1
0x9416be96011d6c675164c37be2743128850e8a29,1
0x952be5d51faccf85b9333c86890a48792b0da94f,1
0x953a5483fda90a8c3abce1c5fb9a09992feddbc2,1
0x9541738f4adbc711a3a7d8689cff272e4e093929,1
0x95d41776812c6ca222dd5fdea56c065b55ff7655,1
0x961b47ee67fa9aa8c916d0d7a61c5bbeef8a018c,1
0x963572ba464dde8f437e19b6110bc38d5dc00c21,1
0x96463e29607f0f400dec7905b375f07ac7e24cb7,1
0x9750a6f0a1220a09b122e267d6484bc1f0e8f798,1
0x97eca0877de97901bfc610009ee78693e0bdcf00,1
0x9a06d523fea656b41d9fbbdd0330126861a02998,1
0x9aaa8574d19480427696f2290ada5e958675ad50,1
0x9ccae0a840577e304788ab54c5050b80a1e35398,1
0x9d2aa2571da4fb680ecced0f18192a90d9757952,1
0x9de86893337fb6750f847bb36cb7f095ade76dab,1
0x9de91fc2ea41a6a51237aafcf85c840a4ebae812,1
0x9e3ce07db3be079218c3601411354ef65eaa692d,1
0x9ea942a06b1da42dd329f3999e58024b56f1406b,1
0x9f6f33149fcb1a24de8054b35c90ebfb9ab4b132,1
0x9fa83ddc747c7c359efc2c4a653f25430ed09ea6,1
0xa142e37a93f0762ba14224eaaa42ffee6e02a616,1
0xa27121d3095d21e5ad014ef51ad7fdcee186b63a,1
0xa3014d7a4cfff47acb12e7d845e7c447ea93ceb2,1
0xa320daa989ae8d6d7813340697f4f9e75f5b78e8,1
0xa328f6def7ffde8500ff00adadb6e01b2ccaeec3,1
0xa33f60375931ca2dc38596a26e66e26526dcc4c9,1
0xa38329064572b18d6bc7bdfbfc8c18d9f6fb9ae0,1
0xa3d506ea0aea630730332b61b4dd057ca7c6b159,1
0xa475e146eaf8803f7afe18386a6ba11e5fa90461,1
0xa4f9d02cd829ba1581cf1a6dd4f914ee9d534892,1
0xa74aaa7d063bf8c9f316fceb93f63be2602941ad,1
0xa7b452e57de8a705a23c33001f90e4adf9004a90,1
0xaa13c48c6f4d0c513e97da74dcdfc19da07b9b9d,1
0xabd29e9f206b20148e03f95c31c5f3139c0e9999,1
0xac7e496cab7166be2a60d36e06b029608800f3e5,1
0xad2cabb2a4cbd74b2d0167138474c1a6f475b0f5,1
0xaeb09ed3407a354f1a63e82953a26fe8f2fcc261,1
0xaef683a94e57b290cb6c7af235b0fe017e80c238,1
0xb1308ce27755c8c05a46e52b9aa7ff33e04e06d1,1
0xb45fcf6e1dab1f15a21449d75f00eef34fa7cb5e,1
0xb46bf163c3b7de6b80270ece9012a276863842f0,1
0xb4f1f817809586d98c63886ec8d4d635185fa5d9,1
0xb555daca54d54163865897fa02917ed2f1820f21,1
0xb5d57bb186b0e670d8e083ac11d29ebc3a851bea,1
0xb626bf8fde033a575356bb7f757f0833e5ada8d2,1
0xb62d4d6609679c94b39b5c319b041d385ed70bd3,1
0xb64e3f44ccb7e2c28956b8f975cd463de426d46a,1
0xb75d61a55fd7e3bfc161f904763479856d267540,1
0xb7b7398181d94540a74df7ba351ca6088d9c5225,1
0xb8afd6a452a3459f70c0de50a81615e163402b02,1
0xb8f1ba7e145e33c0e7fda17e7d078c096a9d1584,1
0xb976dfede0be9ae7af7cbd99254dd093f0a3e50f,1
0xb98519eb872d973b95c5c90b44e48759654a6666,1
0xba97282d71d3c5b73fd23ec3fb8514aa092004d4,1
0xbb965d3301ca08a9f9eadb86a93cc18a08c4293f,1
0xbb9a9644dbb8952a0ad03f7ce7671c07f5643bb3,1
0xbc6cbc95d86a6a9537375640fbc0cf0db8024268,1
0xbcc24929108278944aa180ff8322b900356f7701,1
0xbcddd321c83de95cb62b619409cbef39a5c1a267,1
0xbd36dcf15db0a9449ec5ccc997df1c756fc16ac5,1
0xbd61b0a020bc61ed9fa8b4f7454bcde0d1ad4cd5,1
0xbdd4c6b3c82c5b0e153739d514b23f10b6d68a37,1
0xbf3aae135034452987490d6587b42704e617cf79,1
0xbf3bbfb0cf0151b292f04531e26ea2d3ffb1e150,1
0xbf6d8b985634485218cd1fcc651144df4bd593e3,1
0xc15d6e60323bd35c4b41d6ef8a42a60b52058576,1
0xc167f6f6cb2c684eb4c46179623f23d82e9fd654,1
0xc173cbf586bfcfdb4b01073c45908029ec6d064a,1
0xc1e52555b146832e7b9bf5795b1cb3f4344f8431,1
0xc25462b9375ab11cd0399eb9eb6f833a4363e14a,1
0xc2a97337c656a0d9f09de7b44db772582098efd6,1
0xc3cccb69981db01e03b22d1f6b29f2e3fad46033,1
0xc7f1ad366fbd25016970facb9fb27992c44ccf36,1
0xc834cc07d26934091c0a634213c7632f2be58345,1
0xc88dc3f2cf41d0e25df58f40ca58a54b4105d3e3,1
0xc8e66291fc15b6392d56ac2ef3db3ce4fd8c070a,1
0xc8ed52097b4bdff2073752c2d729a07c775999a9,1
0xc960517dee7a3fc8b1f28481fd82756023d3470d,1
0xc9914b30ec2bea3d567d70c3a99f845e91e17346,1
0xca07a6f0e85b354646d6a21ab909466cdfb6a27a,1
0xcb47222497c87a75b211d333a25c7e7cc8abfc90,1
0xcb6e4964789f9e3f658a8778e4164baf30690a4b,1
0xcb70aa1b424a0ed377945d5fa5d22a2956270163,1
0xccb80763b932d03a6c5f0c4877f54b9992cb9ed4,1
0xce603e5eeee3195fd6773fb02bf97bc4e43649aa,1
0xcee77a83af12e8e28ee4bcd3bf3974f930e749d5,1
0xcf10ce2d365b4a29c3052ecf3486d39b5b99a249,1
0xd29869f86cc751ca25a5a3e8cbb1c47501201737,1
0xd3b7df4d1132c32332cd2003896d35474d128123,1
0xd3e909d154ce9641a00d6b90ff11f6d1a8e21ba9,1
0xd69c6ea26974db7b121548f511d8008266466f9e,1
0xd722dd9ce0087e12f529dc37ddbad40a24059bec,1
0xd724025aeffce1821a4c39d621d91cbe27d5251a,1
0xd91679a0e0345df7f730daffcdc04b4272488c12,1
0xd948389216be7e837c317a2fe3e0c2e5d143b978,1
0xd94f7d245b7cdbd5299a567ba212493f3afd600f,1
0xd96d9632e578cbd985674a93224da24275c174a7,1
0xd97326a35130d5e8c8480b6b1e509dddbd752e9d,1
0xd9f735e64919d2cb0e4abc384a4bb4d3bbfc3ecb,1
0xdc18dab67705094e0715e5b89f76c3cd12bd7f26,1
0xdd0b5a266e13bbea36212575129480d787b7105f,1
0xdd9e75f14f0bc441ca3cacf5eada8d46d9d53174,1
0xdf069da14f40c19961c20b284dc2210c6f1113fc,1
0xdf214988b8f13d87d1acebe96ced5c7a79e6bd4c,1
0xdfc19dd5f80048df12d7a71cb01226f8ce24a954,1
0xe02e855c6cc8dbd3a79c0f7e93a4f8f73a2601cf,1
0xe309c6b8e5af174632ddd2afcb19b5f457c2cf6d,1
0xe3b84986472f7fea21e7f7b447456160b304d2ed,1
0xe46dd62ecb9b9bd5ffc545e8826fc5ff18eab8f2,1
0xe6d7d39bb941a6d677d7927d2a4ef23e97546617,1
0xe73e03a5765036bec6b6d7d848a7b8d366354fe9,1
0xe77a035621f29a1501735aa05fb308671e7a243e,1
0xe786b4e761a032f4cea9b0a11ed36e5ae6b48c79,1
0xe86174ea7e5f8065708e8b50c62780a938011389,1
0xe9386a38d2279dfa3b39a85f23fff3c203cebaac,1
0xea60193bdb97df613fbd0ddd439168631ac228c4,1
0xeaaf049c385b33f20a472ad24046f4212868d055,1
0xeb3932000ddaf62f3ce4e0dc143ed2c31eb91943,1
0xec823eaffa4584f482a0d9c3e634840d14066242,1
0xee7a7d85336aa5f6da385de1547c7381719d9d08,1
0xf0b71a9e7f7d2f521c29dfe3f9a9c48264eb9892,1
0xf10ed040f182511ef2179adea749920881a4eef9,1
0xf26dc4b22cd8227e45b81cd5f0105d9c7f058bdd,1
0xf2f5da9a4bc63f9aa77ac67f8ca2700e8218deb1,1
0xf33b608f45aa8fcd8747ec018f9ab4691a13a5c6,1
0xf408d17df0187b90d33fdff1e604f08fc74a0c00,1
0xf56ba8755d9798559f722a089eb4f3f17b2f4fbb,1
0xf7e5f33025ab4be12fb1d4da61f846037fe0d00a,1
0xf81a48410c448b1d587be9bbb3b23938e9f4bfd4,1
0xf83f18492494ae2e873b0cd01633acbf75a4aec4,1
0xf8baf2541defab76f2c344ff10cd6d4ef74d3432,1
0xf9102e3b05eb6f26c300df9e21bdd3f3b40d329b,1
0xf98e56b9a2ccd8e9bd3e8f7e39399e53c9c4c01c,1
0xf9e9d488adc848fefc5eff30d450fb60922c9e28,1
0xfa7831f7b115471251d6b0f05e3c80ac4c75e4ab,1
0xfabfcbbd8d9312addcc207aa2f7274f95953f2fb,1
0xfb0522ac77cf4080aa021beab120092dd5d1cef2,1
0xfbbf2d37564e949e77efebca7ac6d6a052f99dd7,1
0xfc06e982f014e816adfecbb19dcce03b2a51928b,1
0xfcb341e284bfbd8a466172e83b79fdf70a8490e8,1
0xfd92896f2be8a3f6bab06ac4cb9542627f0fead4,1
0xfdcfb6e689a9c021f9d74a519fccf80718398c5e,1
0xfe2fdb1172a70e6ef2d3b973685d74c5a6be7e59,1
0xfe5050651b622f56e8931d172615b01e1065527d,1
0xfe60d30b5012c90556b9a22e17cf4824aae49c97,1
0xfe901b94b4768acff49e707e0003a7674816e840,1
0xfeba21dfac0cc0738a1c8e4492b294a4e6cfb688,1
0xff8955f1afb9024af9139ec6f9249e9636daa2a6,1
0xffe9309a3c8eb35c587130b9d5d1baf60eafb61b,1
0x0258497dd1ef35626e62ba9ebea716013a857e53,2
0x03f221173515a5f694cc6e6a9a5d2679d2f2c06e,2
0x0856bfbea9a7f397438a1db6bb68ed70b7c8a451,2
0x0e25dff76ab5e0cadb69eef99b600bac12d725cf,2
0x0e9beee0eebd1e1b1e49e2d6011cfd0b59bb79c3,2
0x0ebb6072941a3cc487b84f03c8fa1bbee4be55ac,2
0x11f33f8d3efdbf6fd552fb7c4dd56b82dabe8b14,2
0x1518b126fc0ac13c17675e1501629f9887e39514,2
0x15948209fb8f0946b9feb72ea509760a3ae23cb1,2
0x1712194eab575e569ae4d6b6f16046ca5efe3a6a,2
0x18e7f1f323d2ae611cc7389f332eb3c1dfd610ba,2
0x1bec415123333c796008c78eb0b8cc6bdc447d6b,2
0x1cc533c9bdc845ac3f6209ec8e7e51d3a86cbefe,2
0x1cdf73414e7e7463e1cbd9886177ddcbc064ea9e,2
0x20ee15f4f2fce1c0c909b728f7b3f26e4173eb9c,2
0x21b056c93e9754be6449dd7b8baa1a75f67aeaaa,2
0x23a4da1382460640303d27c4daaa0bcbb403ca47,2
0x2791c7169d9d930703a4a16ce1c467539946d847,2
0x27bba99469653f80efd8e3d23ba224d8db1e0851,2
0x283498f3d350d6db0417647d46ec53e25275502a,2
0x2b3ccb55a404c0e99add7e3041f76883e22e5e72,2
0x2c1f4df355e7d244b860621b4f428ad1fd975bb0,2
0x2c7956fb5fa79ba7db5ad2f3b1c36ef79e9338b9,2
0x2d94f62d707e1e11ac3362b4a8883f9b513500e6,2
0x2eaf07b7eec52076535d301fd889afd6fa92e45b,2
0x320b9017d6d6b29361b6fd3fefba363b360c4a23,2
0x34389a1cea6513641699ce33f570032e9265967c,2
0x3449b3348fd092042d8fd88717217f10cf1c4429,2
0x360afdbdbcf0188124e0b6e0e5ad197c00bef7b1,2
0x365132e4eb79a6a6a29f062deb8f05bff92d5ffb,2
0x37afb9f9d96ad1efee5b35e1c85e17d668753448,2
0x37b28c48febd71b7d73ca907770523089a09a427,2
0x397cbad116eb6a9621a5b1157a643b1fe1f85dfc,2
0x3d04e13e4b049915b45540287a3247ffad08a5a6,2
0x3d0de3a76cd9f856664dc5a3adfd4056e45da9ed,2
0x40ea55e0b8f02f8ebc9d91e082e202ed988647fa,1
0x41ccd7cfe46ede6ecf0a841c9a7afcd7599c254a,2
0x450f6430e63c7407b264d11bc9d514d972eb54a6,2
0x4bdedf94e6327ce8264ddeb272d065b7b794771f,2
0x4c18b5d28f7445a9e0602d38ec2cb34ecac20e65,2
0x4c3c7bba317d83317bcc861714b74dccefac0d15,2
0x4d621fbebf432b2681f03125010d1a463088604a,2
0x4fd83ca2ecfd69a37f8c6c4d88377d861f60190b,2
0x530ec7e0de91c1f71eb7cd33229175a1b70d646f,2
0x56466a6ea6d50781590d361457364edb1a303a5a,2
0x58b8501d951d11bd7875ec830a9935384b215acd,2
0x58fd1b66d17d0764a236a2b94df11323826350b7,2
0x5935ba4be0d2abe85f5d8fbeb89325ef281f12fc,2
0x59c1bd6c122c6615ece5e02bbdc04b87b10d81a1,2
0x5befa7184a3e6e6579fd6e3d62eef29227c1d881,2
0x5d28f42a1ed7680ae22f1afb05f787b594f5cf3a,2
0x5de0c18ad34e2895aa6b7088e4e42305909d409d,2
0x5e2c902bbbd4e3f743940d14b36706a9bae7e0b4,2
0x6098753feaf8427ee5d30dccbdd94b74a16f3b71,2
0x6277cc43c7bc76cddd5f6d59b12d713d9e4b835d,2
0x65a9eaac945e1fbe5eb665ac064636f463508dd1,2
0x66dece519efafd028ad350f73fb77591a5d5edda,2
0x696fca6aa249d4ea35b69840ab23c4d2d273f756,2
0x6b0ea98a38fbd26eb10f76fa9ac4101578fc33f0,2
0x6b100d45afa078f5baba7849562780896b051cc6,2
0x6d30a53fb02776e06aef8382acd6827c94f044e4,2
0x6e941494dcbc9f1ae1cb2c45ad8b92e19d84ce72,2
0x6ec93150e5d2f0c38f5dc5cce19de8dc850c4501,2
0x721fb1502510029ded284897c5ab2a8fbd68d668,2
0x7515fa96acafeaaa827303acd2a5c5d1c885023c,2
0x792edb670693216b52d9d558c1b40ae93d607056,2
0x7a94342fc568e6e057c082765b81f4e3f16640d7,2
0x7e5abaa2d0b0db422e001bb1ca31754628dd10c9,2
0x7f6d50b20f80b8b83be549c0bf035f83dd3c4cd2,2
0x8111aad3b7e46d3d2531474c7ecba68177d1a5f5,2
0x8387d9a00976b07ebc3d0eb029ef833a405c2ca8,2
0x858817885f4dd1de034d2cc7b9fcf1e87899d109,2
0x861641d9b67046c7d6e25f5cf378077896553ffd,2
0x868d2ad6807557594a9a3bc1a6df3249747162e5,2
0x8a25b453a19a730d30c1a5407c4b31d3b11ec194,2
0x9049e81255585e6b7f2180c57fbde81cd61ec77e,2
0x9201494bd4bd4f3d064529783a8349f3f2d29372,2
0x92e257a98cd2829298ed4f4b4119ded127bf4f6b,2
0x93a4d3d4454644a3df432d196999424283420cd0,2
0x94c638baee3aec5b09b8046cb8d8fbabfe628684,2
0x9986873e5bb99141fb49b30c55bc14f22c0d9e65,2
0x9ae293893f19e12e1a56faa179680e0e652ec63a,2
0x9b65a3fe1b29612f8ca2f11c5c3b58739b09a882,2
0x9e54d103b00aecb003459bea82475dbfc370fddf,2
0xa115cd20434a5f65d62b028bc28b897477b60d88,2
0xa1ece224be27c895dffe0db939615e0420982455,2
0xa36fbe6b4093535f488e13e38f83378103c484f7,2
0xa5e939fc958145a01d5a71bff4cfecd29a66fad7,2
0xa66db1785e461e759ba3040e5332547413c21d3e,2
0xa799cc23203fe80b8d371337670840cd57675fca,2
0xa82bb5309b66a951bbc05c3ae287e9c7b16a8163,2
0xa8cc55036843da11cf4588c42391d705f6d1dfc8,2
0xa9ee4d72dd6081668e8b30649e9e095fca00ab9f,2
0xac97948117caa2493282f2b480e56519d690ffd3,2
0xacefef5ed13c2d4d0f38970e5c15b926a9cbcc70,2
0xad3c6d40dcb9dd71ee6d8ad4746b25398027ee21,2
0xad4aa319366ccbab19bb09f4a518a0babfecbe43,2
0xaebab3d721d8e6427952961fbdc1d0b8b740cd91,2
0xaf9a1b73db97a0ff2c5c5e5527c25aad0e09a3e2,2
0xafb4bce970b77222a74d240294bd67216114b8eb,2
0xb0e06add73ddd276d731f5419ebaf81d6615b14e,2
0xb2eb4f13a0b4cb237cdb809353d17ea90ba8a418,2
0xb42eebd415e254043f3631d8faa83956c1fbdf42,2
0xb4dff2c9b4db343ed94fb9bf4788bcbd59d101b7,2
0xb8898bb87b07bac7ba9c2268e6d0640d5a208a7a,2
0xb9537a30016dd2abd6791b2d64cc4258237d228c,2
0xb9b94a138a4b3cf982dfbf8685b6652fda5051b4,2
0xba502f2993559fb55e0e8db511c6e5d72d5d6156,2
0xbbf33aeeaa5a68cece77c01d2b4eacd4d685136a,2
0xbd7477006daa466d15d0b13f614e84c1e5def06a,2
0xc35b0b63fbbabbe889fd9f22aa6ec0fba6961dd0,2
0xc4247f76064b7a4990f1f7566f4940d61d882eaa,2
0xc4ff8c7433c14b3f4122deae8a6a9abe24ab950e,2
0xc6507b7dfae484aaa78fe8627280a5dd28dca7db,2
0xc84839229a27b288c94323141a69ea5b5560de7c,2
0xc980c64971aa070ffe2074ed8e611eedbac1c9f9,2
0xcaaefc94b2b0ef00e0502d02bb6343d20733c3f5,2
0xcb33c029aa1dbaf1743f4a4fe84d88336eedec98,2
0xcd90574bc2ef39bcebbc5561c1c9d8e42110c239,2
0xd55a1ca7d9843c6c507a1d5521cecf865ef2b02b,2
0xd6d22bdbad8fcb8cbf6d29b9bf948dedd8e8bd9d,2
0xd77f7cb0a3ae45eb3e5a05e50ff41ac0f1d170de,2
0xd7ade327695d06a1d34f8eee0b7d0dd61d6741fe,2
0xd7bf06801cb5d3467063dc595b1dca2fbe4f3857,2
0xd8889a2b6e87f7d7c01cfd8417b1655324894687,2
0xda11c7475da3d28bc7f041851e640ff88d00e9b5,2
0xdcba3f2d2447e0b3e4c26bcecf938f2f07d6b6a7,2
0xe1da9e3ea9efc074ebffd4d2bed209b370705188,2
0xe2542f84b3228d69347e6e4c959fe0efb6ca1950,2
0xe312d20a235cbbbdef73b2ea4004bbbc6e74fc33,2
0xe475ee006cf97bdce8275cb70319384ed59593cb,2
0xe4a45f74967f75dccd6947a9dfe25333727a4737,2
0xe6cf807e4b2a640dfe03ff06fa6ab32c334c7df4,2
0xed4c57fcd429240eb2190627f2971ec80d58bbfe,2
0xf12db46c295821ae4a0cff95cd0691544c8b3009,2
0xf27732351024f7d9a9da128311e13bfa183bde8e,2
0xf29a037bb8c50bede78acaf5e6df9810865b330d,2
0xf48a18e24c2399e409130e4d45ff7a9ab4456571,2
0xf5ede9501e8827ff9dc13a83dc967f9b7bef4024,2
0xf695ed18ab6dcd088ef3118facde6ea1ff7d42a9,2
0xf9fdbed64ced4e052cacb3c06507c34750843175,2
0x0142360ecc9524e6eae6c27bf290f80faabfa8ca,3
0x018feff7657c9b2b0478467977379c08e214a0aa,3
0x021e099ab6fa3be65882bb2d0752c0214d8264a3,3
0x021fdded7ad6902627b57e76c90511fd70b36f29,3
0x0275ddd99e992f6e2c029c7bd516964387aa2ff9,3
0x037b4e9fdbee4fed406396cffd5625e77f59a350,3
0x03a30a6597b97e6a3de86ad3a33298520e3e3257,3
0x03d0a5d036a369d2681ca5666149be00ead300e3,3
0x0412b04a6d8d2d235020a9c21564087839091912,3
0x04453c4a56c9eaddf4141fb64365cc69c2438fc4,3
0x047417889a0f813b0c96646e41c151077fff958e,3
0x04b6f5794d0a6e164d62f87f4adcc820ef93896c,3
0x056e0de4259b1e8721093da0b2355102f2f4703a,3
0x05dcf2d321c894e1c53891b1a4a980f96dba5f91,3
0x06d323bad45bf70d9321732edef985e6dea12183,3
0x083d540deaf83ecb8548162354af0f576f2980f5,3
0x085c9fd0b971790f3d797e88087e63a9e86d7e1f,3
0x0898fff1e458824bfd48c0d42dc3b4876cb3950f,3
0x08a30a4b52ac4c427500951c0d2b1ad795df6f0a,3
0x08d16a6799a0c71a622c3a2f1485bf05f9faad1c,3
0x0943726d2bfd1a3b2a19539fa40b607d685a6760,3
0x095f1cb3387fa3a1f87f1d1249da4b5317c79937,3
0x0a1b56e4d918abe79af3e33c455776de04ca9aca,3
0x0a38b174655bc36d1d855bb1adade24f1c89692d,3
0x0b0705f41012dece7dccaa4a5fdd6c72c93c7ef0,3
0x0c3ba44707314e6801413e7ab80c5122663cff7c,3
0x0cbc7b0acfa9ce6752da14f31a566efb8b16f40a,3
0x0e4aa3ecdd8545d5d18999f41db523800bc0171c,3
0x0ec1f47a4874a717d12d02b4966e6a4b2d94683c,3
0x0f7fd7573c0d9c7f9e381cab298d4daaba77e9f8,3
0x1005f1a93d7a1a96453e546507f0415cc9af91b5,3
0x119391768d96db29b9e44fc5b52c0ff0da45e664,3
0x1396f6797dd15440fe2bc3b2251dd2adbe9c4b45,3
0x1402c103f8640d6212f1d1b0fe6097dda4e57894,3
0x149aad924671b1b5b68f074dd990f34f1c14a2fd,3
0x1540821665ccc3c2420aeee5d6b043a76966869a,3
0x15b448b489ed682c4e81f3efcb1038ac011093f6,3
0x15ec484c32ed55a9c169a1e4f5a7c67ad737e593,3
0x15fb348477e55e97904afdcb15d43b07aa323485,3
0x164f04f4f4e6e28803ed3503ffcfe72b7d8a6b26,3
0x16b2a1a3267a3f20b4d2999e71a03520d5178ea2,3
0x16e9b54b4981848adcf184af2b8e0a1f9a7ecb4a,3
0x17870f64cf61debb9c3c962744ad8dcaf082c9a6,3
0x17aec2bf1e610d53feb25568702b646abef28887,3
0x17f916ae86b926cb26522d979cbf14cc54ec7927,3
0x182e7e110490ac4da42caba03de73f2c72294773,3
0x183243034257f0130fa76be9cd68e95976c864d8,3
0x1876618062a3cddbd0400be5358b9201bb048b51,3
0x18ebabfce2f021728396a64b3e9e54a2c919db77,3
0x1a8e62ffff39dd40722dc72f42318ff4811cb637,3
0x1a9df3d0ea5c834cf330524f653af3e5dbb56c27,3
0x1b2d134fc716561afbf8ccef56568d18c28a34aa,3
0x1b6bb660a4e5b8225cdcb4f58ebcfda21e9b723a,3
0x1c27900fce5b1fbe7ef9a413d5b554aea9d37ab4,3
0x1d9ef132f62172ab6dc86c50d4cca9a8c4f3c567,3
0x1dd8a6080108ca42df8929c225ad181b88663e5f,3
0x1e9542db8164e716a0bed78979fd972d6678c359,3
0x1ebd439700d6698f9870893650d1da0abe328907,3
0x1f239b5f4556640af9ebbfaccaee7255d6ace6fc,3
0x1f9fd33a1304a90073d46635c29b6801e8cd5a03,3
0x1fe701931f1b58f1496561b9aaff205d85ef15f7,3
0x2049f8a8baab20e2ee9bdcb21e4d7b057c843d18,3
0x21208e75f62da41ca25ca02e66f889ae5b62380b,3
0x21729c478ea277a0e7a6038e8e5abc68347d96d8,3
0x2226ffa8c78738f37ac44e7349935f6660872649,3
0x23097afc7849595abbe859e4b550c97705b53a44,3
0x24f44ccfcb6591239c33a53f07fcebc6d402f2fc,3
0x25175de9eb8c5d9aa82bd65ceedf1dfe435dec9f,3
0x25508662bf909e0817739176ec39dcafbb18a965,3
0x2568cb9f467313aed99ef41c47185c5456ec9333,3
0x2598cd5553de991eb8e948e7400c02814f529c01,3
0x2746dcf41a65fa7eb36b53afaf80dfd1898b18f2,3
0x27c337b88c7d92a4db9c464d06325efecfdb7c8e,3
0x27eb0164b65379f9b10deac0a5cbc5e66eef941a,3
0x28af9cdfe5f2c24a08ded2174bb25739d1378062,3
0x28f07a28afb69aa5b81540f49dd3676c11c4ab36,3
0x29aa42cbdc381e369e66ace4dba46163120220ee,3
0x2a4532f93fb2788f28a5b36046c8f75058926b83,3
0x2a494c4137db2371c6d9007a40151d49ca3d4c06,3
0x2ac2d10e851a0ba42b9ead1c3a8f424398254e34,3
0x2b0ffc73d41b3520d9ad423607ec0cae8a1149db,3
0x2b9f230031d7cfa3f79e789927e80934c3e4ebc1,3
0x2bea747b449f3afd213796625b76803d56e6163c,3
0x2c4109e0f6aa46986c66ddcd66c6c7c80cebb4d7,3
0x2d19e24025cae803d2c84ef7e2389fd511e23b26,3
0x2d1f23fdf321a1e9d089d2400e3c550e7c4c5ce5,3
0x2d94022e7ba34e81da155cd83ee8f0ec363b52f4,3
0x2ec81a189f7c9bf97dbb6105ee4195ef01510766,3
0x2ec92a43f1992d857175fafbc18ff93f041d2411,3
0x2f23158efc11c579d2bd5b479b84dc5da1807da5,3
0x2f39cfbe27bfcb708095d41ac73a244ac9c8e9f1,3
0x30c8d6475f329f09ce5ef17a72f48fcd17b57d5b,3
0x3182cec649349ca50dbc344fbc2fc15ae3cdcc94,3
0x31aac01ca971b7df70cff05c213a6450ca323f80,3
0x321fc96df952609cf32c8d62df5b41be42c30979,3
0x32952ebc4d551a0d5c484f7c0defb8141b791034,3
0x32f8faf7797b6694a041618f33bdb5a7ef41cf61,3
0x332cbec27fa750636098fa0fb153a21f4556dac2,3
0x335f5af787199e6549c93d75fedff56b8225e25f,3
0x348c6a77fd9715ad6747a2cfa8b6b35e87361a84,3
0x356de95cfaec8dea9c54e2cdf5302c953a25f88f,3
0x35b9d8d6bfb4b92fb86371041721a5e1b6a7c6c4,3
0x374de3e2612cdf1836a5c66dabcffbc95190e1dc,3
0x38bfd8fc6b75f85891d275c7823465962f5844fe,3
0x39786c76037037fa6ad759780e501b65fc8b5b66,3
0x397c925c1194d172a10241465370fb3d26bfce6b,3
0x39d6fd94250d48289234c365e05fb1f65ccf6c57,3
0x39f2340a20b44e5d4f06d221810cdbeeffa2ea07,3
0x3b13548ff541972627fd9081b0aed9b6440485fe,3
0x3ce4fd2a539da442b0b81e7e17cc96e03da2e37a,3
0x3dd24993b591acf91e089d8f4e620eb96f479d6a,3
0x3f19514d4e3405e975a335876819dbf651aae23d,3
0x3f659e221466f4220b2af39e29533819ea4b4343,3
0x4061292dd34c5197e280209dc8998f0c0ca81f17,3
0x41f9ba43176e26619fa29cde270787660100b4a1,3
0x4227a497668c9780c3bb122b0f56ed23c5baa8eb,3
0x42ab68a3d695d0721a3b362b49db4b6d8aed9014,3
0x42e5a4ab3731fb1d5106e3d5c532c94617eeeadd,3
0x4445035b8a30b289bb3559a45ff989a2d590169d,3
0x44604878c553afd783a47df9c1631d13c4d43b3f,3
0x448befa6530d5206a96022adf8316313ffe0a41d,3
0x44af634e353c9e887e1d37603451b4849d352798,3
0x44b58fde75b083ae545e4b3416fd75654abe3baa,3
0x44b7ddf8385fc83ac51a8c7f66a253d10771ed6e,3
0x44b7e6461af76ae31800ae7b756aff8307d919f3,3
0x45b95f8a6337356ddd3a3c79a0b210112b52d593,3
0x463c0864b8d11b39176a86635b92169c2cd10e2f,3
0x46460f303979c45224ad1a181f48e7380034fe38,3
0x46556075de34a4aa7de995022aa270f06940cc81,3
0x466ffb3df11ca8a346c5460524bdc71b3a1d3e23,3
0x467ceaa420d39d35949f14c2ad8327869c0d2b74,3
0x475a0f80a54c1bafedcf59237e18c5623aa0f786,3
0x48d9fe1d63d6a6cb683cb7c9348c2135f6e8af73,3
0x491db6f3a3f0555b805a0e62a6c074f3807fcba7,3
0x49a2ba42870bc4b5b8ce9ee5944ac40421346ee4,3
0x49a76943eed77407a183f6eacc6c9145bb7c2d7e,3
0x49f4a74b4a7e3ee518f29556af98c66c51aec80c,3
0x4a1d6dd21a2364cd479a1f597e2cd6b3e59ae5c0,3
0x4adac7642766f4a4dcc534ec40d050f1d26d18fb,3
0x4cf1c32dd04f4dc84df4decabb03ccca8f54e8fb,3
0x4d70e16096697c150326baac71e35eec32b03134,3
0x4db2a2875902382ee8552f64fcc27f3cfb8fb4d9,3
0x4f3313ff469fbc64608476d239345892ded9e512,3
0x4f9f7abb6be75b23c16ea8b094b6a24fde47bd86,3
0x5063e320f8cbbe347c374f7cfaae3fb392d98b78,3
0x53d4e41900decf004ebe9cefa0396dac1257ff30,3
0x542175a25dfa199ace2a5d111d6d72946a09960b,3
0x550ee7d2cbfeb58a64536a98758d1053dafb5f24,3
0x55933bbe5c95dad58be3272a1e5e413238c0405a,3
0x562aef6cd1d1716e9363de59b6540c39d9a71a86,3
0x5675b8f4a7cdab04eec8e44df68be92c13fbf327,3
0x57280ff3762897b4699c2213faeaed5a47300b82,3
0x57ced2370c32131b5a3fa78c26a7c629ab7b86c8,3
0x57da94c12dba987e669b03edd1c1c6c81fcb1119,3
0x5806b8892f0a4eb308855bf6807426721b225f14,3
0x584ae94fd9177d42f1808a0897675cd157b11e2c,3
0x59395d88307b4522df0e29222720fc37e850876b,3
0x5942f2042c92ec77c200035d2a784ba6993024f2,3
0x59ae0de4bae0ba8dcf1799adcc206f76c9aea8e0,3
0x5a3649369baa565b7603846c437fc08479246b1b,3
0x5a3fb45e6dffdb4c12b56e36a91766538a607acb,3
0x5ac72f7f92ea6372d9e8a6131ac741163c97611f,3
0x5adec2c7e0ff1e400046a3e9ffa25a4ac66aa972,3
0x5b76dd6d1506658eb25652a61854ded918463c28,3
0x5ba0368f6d0cf136147eaf9a4d4b34ef9fc923be,3
0x5c00241cc81d7db6ff16f9c02a94ef1ce9a148f5,3
0x5d34eb150bdad90f830c967a8078f55a67115c02,3
0x5d60886a6018088dbe8ff85e6b438ae409c7d193,3
0x604622dda402f800f737ccdef7a9c8f2b6c5f931,3
0x606ed751a34dc832eaabbe4960748a7f6c14317c,3
0x60bc18ed2ff76646ca173a9b572118d237b7c80e,3
0x62a8616461669b038f6992893af0c9d56ad79415,3
0x634bc36b7c5f8c71dc6a946d50f92e0c67f6306b,3
0x638f9e7852a83b40b4aa91ad7f652890ac0fe63c,3
0x64a1d4b0928b6bbe6d2cef5853ab550e8641c31d,3
0x651dc567d23cb79ca36689a39f3d859a482eb40f,3
0x666b87e683e5c302daf93e6ee66429ccccdb8fe7,3
0x670196764570842a68a2097c72da8fb46964a196,3
0x672da68a15ef7fcdbe20f231dbddbaa0f1f28b1c,3
0x6756fd803cc084d4b48689e69b0ab85003740a65,3
0x675d3a328d7c7d2ca2c3b0ae0a4433724f752c26,3
0x67e2c2d9b795c51e49f0fba175853e6de0255a5e,3
0x683b8a82e86a36ce7991eda643e0e608d4bdf04b,3
0x684b198e2e8825cb2d9bb5d4b1e84a16ce812f2c,3
0x6a1d74e6ac28871cf1f42fec88d8bbff13dddbff,3
0x6ae5b022c5f0ffb90f7f881ee43311fbd1ea1b20,3
0x6b72725c2df6c3843813fb6ad8adb3a5575235d1,3
0x6b990673242790705ccc27aa9a70664fd26992a7,3
0x6c606c9f87218884ce0096105be97e271dc4ba0b,3
0x6c7c8abc426510451ce7a3a66dd6f144c3463b6f,3
0x6ce417e92b65b7dfd975fed94d5699761737c2fa,3
0x6dfcdff170e4fd5ae873a1c22e6d2edc259f4dd4,3
0x7039b8e9055bca6b4a41950d21330b44964346a5,3
0x70c993f4f788554dcb2f6762a50230eeeee71636,3
0x714c74ebe356b7f74bc1dcd92ca03dd154137cea,3
0x72de516706387fa100ba372e7864cefc3475572b,3
0x7363593559751695d9f9b1123715766e059d4e54,3
0x7390368f7a6b0894c51964219171f226078d5e4b,3
0x73a09afd1e7eb81094b30a408e324281e1c5cbb6,3
0x7446b433ef38688c6cf29d47594ca9f5d0e75ec4,3
0x7500a83df2af99b2755c47b6b321a8217d876a85,3
0x755a57f166ff78311be7e2bfe30a86e43913e1f7,3
0x75e698390f225568510db5b56b34ea4c94aa3b9d,3
0x762cc7447999f02c4d4514da2e7aaed9aa63f731,3
0x779d55e094e7bf473c31314cec5651d33f93d8d2,3
0x780b6b1a935e52b41fe895236073d254f189f3dd,3
0x7831fe4ee90a90c02c06bf012f9b75ca2b27ed1e,3
0x78c0d40831c5ba5666696cc30090f2697ab5b57e,3
0x79155bf78b240bf43849de68797acbf8eacc07b6,3
0x7998a7a0a377e52b03e7ca702668f54d2cc0f743,3
0x79eeba75e703d44c62d4cc22f59343592b0de499,3
0x7a073bfd2840e32885ab679b203cebe673839bbb,3
0x7ab4db3c4e8484b51c6d467640ed490a0efc4497,3
0x7ab65d091e99195c2ed60ced48b559906962d828,3
0x7c384b1d45a6139509988b0cd98a42513c1cf973,3
0x7d1d3b968789a68cad986e08976b0f4c13faa256,3
0x7d4d8c4209d8847a616b66fc7227f8a2d0713188,3
0x7db0b7f102d029cdca0001f85f8bfe487802424e,3
0x7e748f02de671a7575536d30970a337f775b2b7a,3
0x7f05671e683ec11860e3f0ade545b93f63c0e9ab,3
0x7f2a760130c74c37b2954b427bfb4c199e7e9dc2,3
0x8045b725a0e78400e0587699a7d6e698701bec0a,3
0x80704f1ecaf7f02075cb406d291dbdbb821e609e,3
0x80d2b40846495b220a610065df2db53d023cbfcc,3
0x80ef2e24d7f903868079f672059e761799f6bb13,3
0x81511f8d8b40d17d228a9207233c26af28f34a86,3
0x817c3ef59571a308b8d69e461548bd3063e70178,3
0x82fefda5eb48d65862ad79e005196eec78248155,3
0x85c88614aa3a7ddfdd9a4ea469558aab4436ca2e,3
0x872771bcb7ed4d9e98ab425cd4d66f1b9c6be693,3
0x88ba6e35d3c00d0385ee9498e63e04565413eb9c,3
0x8a6d2ef452aed3e803b063fa24131fdde4200b66,3
0x8abea4edb18f1d772ece1f65f6a41de660e9cc19,3
0x8b9aeb3aac88f59d7441216dd37bcb98bf8a6b79,3
0x8c22b4d0bf899516b90a888fa1b56b243b167d9a,3
0x8ca5a1548f18c30d00585203204fbf2d529e8845,3
0x8cd59f358ef3c40fee910930ee3de3bc9f529b3a,3
0x8cdca2b2bf09e0bad5b3ee772853fc05f64acb9c,3
0x8d7c6de4452d81af56113d42898032dc6b4828a4,3
0x8e7fa4c136e291fea64aa701a46bec6b461f24ec,3
0x90b6a1f8df231cd7fd5cca4fc4a2ee3a25ffc8e5,3
0x91000adba5d3aff328815a5fc449f1558f96a283,3
0x917745978cbfb631da987fcc74cf291de1eb472f,3
0x926439a5ab0251875802947d99323a253c80392d,3
0x92cf1aec23a1faf66b294f68194dd442cf05764a,3
0x9350842ca8fa66a82c80be934a196654045cc70b,3
0x93665b269c759a96dbbf77cd684e9181b389fb29,3
0x94d084f0cc56801b20e6fbe6bbabc8056139120f,3
0x94f84324e9b76503a5512a0e40a743ce2fc82d99,3
0x9613eca44f5e6b3045284537a6ba4b56ba0e7ca8,3
0x9686ef5e52e51fa6c8bbfaccb2ff6b958c4625a9,3
0x96ce599942240fd775f6614a479c05ff51d9c101,3
0x985ed79b6a5ce8785f08cf8e2ab0ace89994afba,3
0x98687a656e846c4809a915caef563fc06f445e98,3
0x988162c50df5ab1d6eb403647750f3b41fcff140,3
0x98ee5e625778976ac06b787497414952f00f0374,3
0x992a9a2037701383b3a914fc42559d10c0fdbf40,3
0x9a016fc1731031127cd2993ea92a9bd1a5148326,3
0x9a289f3ab8f9f6c8319490b422178d42f4ba9b5e,3
0x9aee8d94c27d79042312ec7b8d38e44a96312784,3
0x9b66ad26e689f8f57b150c074c5f868a3ab3c35e,3
0x9b8971965f10c2679e29ae90f0637e23ab366000,3
0x9ce360b49c71a04c2eff87a683a8a490dee64339,3
0x9cf5084b08626c9a235d9d6b0d24e2b4535294f0,3
0x9d42b28854d0da4766bf6b63391738f26ef5d2e1,3
0x9f10f0fc3ce545ace374718f985b48ebda4ac2c5,3
0x9f118cac8821b0c53aa8d34e10cc45584cd0b47c,3
0x9ff3b4cb2ad57f234a06e0077834d50ed1337e24,3
0xa02632ff0b80c02497cf2eb28524e0e26d03a46c,3
0xa03836f57ecbc3bd20aa68d4ffd5ec00e2781ff3,3
0xa08752953188209f639a5bcbabb8967f2c4190ad,3
0xa0b368f031c0ac91e7589e081185933b4cfdbe02,3
0xa11defd6b32a413288a9191f745949540c40055e,3
0xa1a38d65100d23ae2bec8e925605bffe282d0d09,3
0xa1bb576d5dec8de0120d1e3b45661487d21465c2,3
0xa2bada13e88ec6ea1a2e3452984cea04f01ff6e0,3
0xa302a45093d04a70720735072cbffef773a3127c,3
0xa33c9eeab39d39e8b602fff01069fe455e46265a,3
0xa3c36a664da6ff479ca7b82d7864cd1079ba13f2,3
0xa400578a66fdf4049fd007e1cc56f0b860c59772,3
0xa47ad31edf246ab0dd0d1f7f6d0d4bcfb361f0e2,3
0xa5e90ad13f04ead72f78573da3c14d76d3fb3bb2,3
0xa5ed9ba79bb481fad4a6361a3bf98dcdf5daa9f5,3
0xa62664e8a61194dd826280021add216a6654f604,3
0xa738a6830587c431382ddc1000cb48cc92c62d98,3
0xa75595cb85e7de908ea2396afa0b7b493af08e3f,3
0xa75e8c57027899b5a621657cb3827d2180c58950,3
0xa9efd848b3375560b34c9f4783ca7bdfcc23badd,3
0xaaf05e3c500acbfeb1f0ed8799b4c358eb16be55,3
0xabe377b1797e4981b6a2f79d320f2ad383bacba4,3
0xacb3491fddfc8ab02eb49109eef89076052d9b54,3
0xacb6ede75f65b88dd4d015f38a9d298f61b151dd,3
0xae185a05cbb0acdc0c9e805df5f7bad069395503,3
0xae5a3ac4142152a1589330b6ad05f3bb9a4d6113,3
0xaebc10486574a0d5ae8e3c65d0b76325846234ff,3
0xaf075064a9ca1e8fa9efffcbc88b69d0c6b7f8fa,3
0xaf347c322cbf6b95d234129ccacce658b4ab5e01,3
0xaf68905bc0138b0cfefcda941dad4402a8af1242,3
0xb030e7ec46385e50c4e018a999b2bd3a1fb4f4ac,3
0xb07ec928f7ce5f2996eba928c1b64a14efb0a940,3
0xb090ddb1603e4e1c33c832f8f055c6fc016abf32,3
0xb123f7a274ebf6dbc846801433229909d70c886f,3
0xb170a41f2523220a12f84f17a54bd31953d98027,3
0xb2cfb77c35a0574a418f01380036e80254d77e6e,3
0xb41286c992e387d8ca79debc2d814bdf7e978e8e,3
0xb527957072bec24de4344f1cb16488237e1ee627,3
0xb610899f0e9fa42be75723043adfb34fb56eba76,3
0xb7349ef6a88819e949a00cc9ebdbd0861de35401,3
0xb774ec644baacdad54943a776b152481b50c1442,3
0xb7fae1cbe5ad23dc76e1734c5d3df2382a3712f1,3
0xb848e5faec996d3e8c74dc267b7f3f6f35e8233b,3
0xb87033a41756c611be6ff1bd8067e1fccf66534e,3
0xb8922f9591b36f82a671ef38c54c60b1396f59c8,3
0xb8f64379d5f3d05579bbd8c2c2faa03a71cb07a1,3
0xb90c0e83f27d34fd838682da1fe7ea0c00bfa251,3
0xba36ff4dcc91439a58ecf6a0853ca72b44830703,3
0xbbc7d92cb3d38adebfa1988a75531fde26a76f83,3
0xbc8903df4b4f433bebc954f6243202c764cfe040,3
0xbcab7aee5083196300add245e3e2b9274c6f4518,3
0xbd0cb41446e94bf3a6ae7c2f242ab49ca5bd5abc,3
0xbd4bce94bb5da7c648d208256eead3178b428482,3
0xbd7a45cdb7d44a9c44c3a299ff68a5ed5fd511bf,3
0xbee625c7c2411f4c61b39583f02725dbe3939cf9,3
0xbf3c54bfddb191132b4e42d9b937b8ba13eb5a8f,3
0xbf41adfddaddf8a8798052c9b72374953192f432,3
0xbfe7f53b375ffb0a8faa45d8aa3ef7d3ade71529,3
0xc117eb24a716821ad15e36ae854e4ff671827c31,3
0xc1b43bbdcd6884b581f83ab92e9b718bad19dfb3,3
0xc2e3d2a039b437dabd01626113b809678c5effc6,3
0xc3efec1be8d1d60da22e835afaa89844b4ce89a5,3
0xc526e2387ed20edab146728e28618caababe0e21,3
0xc54d7942f999349ad9b89ab2ad707059bef84884,3
0xc58db08586de823dc2464d734f6b3d2c7344ee88,3
0xc641545ee1edf2cc78b0b16967f39d3f0e267481,3
0xc6a8e3aabfe721e46db220f725f28bf43b1826b1,3
0xc73aaa70a2e4add0a9b92ace79be61d3eff7bc78,3
0xc7630daccb66eba71ed2457904008d05399c6fff,3
0xc76af2ae85524ae8503eaa0a138eb636eaf7caf7,3
0xc79ea32f4478cdebe9da0b1f8ac6c12adbc4839f,3
0xc83e05f6e9a29fef85b9ea50c4db3deff1caa8a5,3
0xca1ce75774b8f7c9caa8b29ab76ece0cd39747c5,3
0xca51e9cf889ca678471b3c6c5fa39278e75943f0,3
0xca672e72eeb9e720b610f72e7885135c4a99d49d,3
0xcac4f9d03002e095df3cabfe625e93bbb7260363,3
0xcae8253803e77d95ca64dd862de8c3e78417bd99,3
0xcb7db076b6b12dd5aafc2dee4f2af23bf66742d7,3
0xcb8ecf3ad3f69735f66d3dad5ba083b28dc1e4c7,3
0xcbcb8a49716228e93f31759500a5d378f3582954,3
0xcdc2b0e08cd32db1d989234b9ce3029c04d0744a,3
0xce2377a03f95dc573790363c465996a7ebc53258,3
0xcf08d6424d18d41cc40da57ea37518c95e720753,3
0xcfde5f4e1367c5ccbfef51e70a158002b7525dc3,3
0xd044eb4d750dc28ef77faf6916f0122e827c78ae,3
0xd047d30211f3ff2c6940c609275850ab90ad352c,3
0xd1f25630b8025fedfc8fa3e5b4c08f96c819c198,3
0xd2833f9aea2ce1130bfbfd4f58aac018107b4789,3
0xd43f01b46dfd1e6df65f053045df351b88ef989a,3
0xd481070e6d9834b903125b89093e3b922dd869a7,3
0xd481f8dba3b7e64385fd2298aacf975ac3fa28a5,3
0xd4d8923d8e36e7b2ec16f31646951be50b349f80,3
0xd50ffcbaad77d78a89789923f2fa83b113e6c73e,3
0xd5551de96678b251a827258142fd4105157ae6ba,3
0xd5bd84058d0e2772e4553ef72223235dfbc63f8d,3
0xd65d7a58820c1dcef0497d42b4bc6eee80b8ae1a,3
0xd662d0cbb7b83f325e51524fa4a4e39345594fb9,3
0xd685c9be64127e9ef902d349c126927881dbb06a,3
0xd79767fe34fe8ce47f9fed9a4ec7b7ce30b305c5,3
0xd7a43d8bf5690bc655f13aa7e44865615f894d5a,3
0xd7e12e9508a58d2104d015e36473a418905dd8c3,3
0xd7f0cff10c894c03aece28e244567209c648f57c,3
0xd8574ca25f0dd37c400b5613527e94126a094e34,3
0xd870e62f4baaca9575068d62fe6687ddcfe23715,3
0xd98ad4cbb743f9aa42e9a20b3406b80f29b2dd61,3
0xda64eefe238283717d8ef0e2b8876b3a7643142f,3
0xda739feec0f54ec6926ad19fde073e72f8560aa9,3
0xdb6efc45d5856ade3f0764e9d5cf652b8fc70501,3
0xdba9ccc0f94c96bfc51628978b71981aebaa694d,3
0xdc987660d5fbcd0bfa19581f8d370bda9f80cab0,3
0xdcc71b85ba5db07dee1abe92d9a6c623f0aebd65,3
0xdcfc2157f9d35dc8a5fc3f521b8f14b8eb435c90,3
0xdd074879ac6d3b5b8a7d739f704ba855fc32012f,3
0xdd25632df2ff0ba026f4cc86f4d4af27ff4d8a5e,3
0xdd680df538c14629ae8d0d2db505cbff985ea5fe,3
0xddb58949c4d9ec970c1fa21c42bb3fc23fee7c97,3
0xde15769bcd6c60d56e993841f77deddb7f5c29e5,3
0xdec84a32c79d9ba8fc128dcc959fe4a734849c7f,3
0xe01f4656e9e24b36869b54afdeb343797e9ac4e5,3
0xe05f1e03f41dd2fdb05a24746da46ffc7ff1432b,3
0xe11aa5eb7945651e43d3f2d97bbcaf9ab1d3a571,3
0xe161f3b3a8c817f78de0821e442df837e21f782b,3
0xe19c42fc10deee7f7f0c37557d3f64150d214633,3
0xe362b10104ff54cab77e57ac9dc9fbeebe7032a3,3
0xe37265f4d5a68ae596ece9252aff790b43af76f8,3
0xe3cfd3c215fa6ed180a0af6ed16d6e0afbb25146,3
0xe495fbb0ec80d15946ffa1c5b059a7bde18da928,3
0xe49a6a9dcaa5fce366b554dca5f0c41a8c2786f6,3
0xe5091105e56636964f1d213b013c27545ab61227,3
0xe5b99271df784e5347d06e9afe0b63ab21ee1757,3
0xe6454902615ad7abdd3439791da0fd21dfdfa45b,3
0xe6a2d99f1150a8c95c0542360feafca509774bc8,3
0xe70c53381bb4d8185a69fd15c10e0c3cc5cdd312,3
0xe83b8d151209a57bf607238df479ff4e1ded8185,3
0xe86852893974afc440d22fbb327ce85a5c81429f,3
0xe8818b0727178bbfa5b2b88a4fe9198677b444b6,3
0xe9061b69e72efd36efac794f0d4db3e17327aae8,3
0xeb0a0e981202428600c013897c7571c64107e92d,3
0xec4591106db1bbeb3da6bed6a19bf6d5df9e660c,3
0xec6b2d00ed35045a8e1733b3df2296033aa314af,3
0xed06dd7e4f31364fe62476b0c2d8c17a46b840b0,3
0xed0ed9b7c2e9ab4087f89503c0da16a66789c85e,3
0xede187754c24922b4a179d7dd559802625db941c,3
0xeec729bbdf5d12a0268818c634aa664a1a877a03,3
0xef1c34344abfa02c246798c223a117da99c09fc6,3
0xef9e5ef43e1f5a3f38e84c00437f3718dc246094,3
0xefafce889e0dc979377fdc7a068f4943f5aa5acf,3
0xf15b074d95557b9c57dfd834b0fb4da3a43cc44a,3
0xf2cc7580fab358422000fd276cfc2f848b41a1da,3
0xf3058dabad3e60cb688f34977907b0a9d86cff67,3
0xf56f4e369f8523c5374e527b51a37ed4fae144f8,3
0xf7fc8c6aeff36a68da44b25390783b7af32c8b57,3
0xf841d2d284570a3dd8be7666ddc06627e1577e9e,3
0xf945c7be6b025544dc8d103e80fba30d264b3fc2,3
0xfb70141988148f274df2ecb55007af17ccab23b2,3
0xfc14e33c67ff7ea994c5d4e00e1d25f2d170f95a,3
0xfc581837eaa81552aa2ce047cddcd73ca1fc2cd8,3
0xfd375cb17c45d9fb234c3f3f8b5d47b55595a2a4,3
0xfd8dbe32c1402fc5a25c2bd83208b3613b014619,3
0xfe9e4aaa9557182abe439390f0f8bcb786202c7b,3
