wallet,count,token_ids
0x0061d151577c2bf506e601b7642635a6565a3d3f,1,"435"
0x0077c2093fd8e6a6277b84c2627619b80a72472b,4,"210,418,822,936"
0x01b86aeebcd1ff94ac1195cfc8fd9e39db24db45,5,"265,266,373,463,956"
0x01faf6dfc230d755141d84d7cb980dd68f5efe13,1,"723"
0x0253ba3af2fa2e5553bbb4575716379fff068557,18,"208,262,264,293,376,384,452,475,495,501,614,623,659,706,707,802,871,1008"
0x0258497dd1ef35626e62ba9ebea716013a857e53,2,"592,773"
0x047cb070ba6bd4445c635f9294566c1b2b08a252,1,"728"
0x052f67d7037ddbd53ae107596484f1cb86a26b4c,1,"715"
0x053b708547b0368c8ee7e1cebb1b87bf48925575,2,"249,387"
0x059d001c5ab229d0cbf71375a182476c6d1a90a6,15,"259,280,335,469,487,574,594,604,756,809,810,823,872,877,990"
0x06046a4b4474ceb2dd43fcbd3f46688c33c46c64,2,"742,764"
0x0655d3e8139b83592bd8da979aa6ffc058830bea,1,"1"
0x070307e236f4ecdabe258e3f8f0173c29ed5862a,9,"24,172,486,626,627,681,720,931,994"
0x0856bfbea9a7f397438a1db6bb68ed70b7c8a451,1,"907"
0x0880a33c861e93802ef66e3124dd82d35dd390de,1,"819"
0x08b592fa610b43d90ba949a637dc15dc141f4b3a,9,"301,302,673,680,739,889,908,969,991"
0x09748d883d8fead17bf6bacd7078a9659e66aa0b,2,"336,337"
0x0a9643381b7a6fe41e693c4dd0e4cae57bb2bd69,1,"857"
0x0b14e4fcc10bd0da224b823b6d783f10f7a75634,1,"811"
0x0bbd7a355d1bafedf2bac2a07b32a2a7c211547c,2,"464,632"
0x0c2207ccd7a3cc54af31d9009bc29b9dba1b3bcd,1,"896"
0x0da745f2bd7655e4c70d6b02695ca772c8d2f69e,1,"804"
0x0dab237c9a052674fc91bcd804349a83d89d02ba,4,"16,410,411,412"
0x0fab0ae71e988948aaa1bed86bdb751cd89b6b4d,1,"992"
0x10beefd08d5093194d968af616008fecac847bcb,2,"785,786"
0x11839b17a6d034d96d9f05077cdc935f3db56fc8,1,"1017"
0x12f2a9694c53c8274748d88ddf411260336f1515,1,"1033"
0x13fad43cec2c57053c12ca4da10410638f9593df,3,"567,606,607"
0x1518b126fc0ac13c17675e1501629f9887e39514,1,"828"
0x1593dcd54e5b5ae3974424325d4e802ee9533262,1,"731"
0x1616c359cc23d3dc1cf2086adf544cedcfb6883c,5,"552,566,781,882,1001"
0x16de92aaac3c5919559b97d33629d6a4d954526d,1,"284"
0x1712194eab575e569ae4d6b6f16046ca5efe3a6a,1,"718"
0x1751f7250e0bc37605ec6225e6f206027dbf384d,2,"502,503"
0x17ddb6e3dc9af4a03c6bd4c1ef49705d4f3c65e6,1,"263"
0x189a8ec283d52174b4d8c18a760fbf4d4b1027bb,2,"164,602"
0x18a698b167e61388eb9953f42b88c5d92f26dd82,1,"504"
0x18d5346216315667c51d69f346e3c768136f8018,46,"114,119,120,121,122,123,124,125,126,127,128,129,130,131,132,133,134,135,136,137,139,140,143,144,146,148,149,150,152,153,154,155,156,157,158,159,160,161,162,163,165,166,167,168,540,790"
0x19c88f6b5e5a274eace401b7699fd6b6f2d67a65,2,"233,234"
0x1b00ea832ddcdfaf5cbefa73dc06af9f5e4416d1,2,"219,220"
0x1bb3ea2b525feee67271778336b8b9b813273d5e,20,"185,200,209,241,242,331,424,446,460,531,562,605,708,808,827,846,901,939,946,983"
0x1c440b4293ca7514349d0ecaed66b05d5474d575,1,"613"
0x1cc533c9bdc845ac3f6209ec8e7e51d3a86cbefe,1,"535"
0x1dab3ce0c753c6176d19471e3026a32f629cac79,25,"174,352,365,399,481,490,561,755,842,849,854,862,890,905,921,923,943,944,947,953,954,959,1021,1027,1032"
0x1e0e220bc5e70f0e0dfd58b8c5f80c485a245785,4,"3,342,388,389"
0x1f42a95385786558b90ff5a3250625cfb510dc7b,2,"226,645"
0x2072d905d301143a561a154204b432441ef4bed1,1,"807"
0x2075e5ed7702dd03cf7cfe06c45277c89817b189,2,"520,615"
0x20ee15f4f2fce1c0c909b728f7b3f26e4173eb9c,1,"675"
0x21fba5456cd1f1304642c25293dc58976fdc4059,1,"201"
0x221819fc094b95cb6c71f2da5c424aeec05e6d75,3,"642,643,644"
0x23a4da1382460640303d27c4daaa0bcbb403ca47,1,"685"
0x251a11a49b45f9ee2320e9cfc978994830b93ded,1,"910"
0x2598cd5553de991eb8e948e7400c02814f529c01,1,"749"
0x268abbdffea337331cd20ee7706b16c27956a311,1,"970"
0x26f5282083ecd9473f0a92f30d897c6d74413e0f,2,"619,795"
0x27359c2df8a15a1d09d4a5c993148e1f4218ef58,2,"367,368"
0x27bba99469653f80efd8e3d23ba224d8db1e0851,3,"360,775,988"
0x29abbdea47c7919d5ecf5c8310abe3f7a860ec22,1,"984"
0x29c66f54fe449041555d510afd0c1657fb3624e4,1,"378"
0x29f2e5cde15393ff32f1d6eec66a95d540ba488a,3,"897,1012,1031"
0x2a16e31b4018fc313a275cd5105fe98156568fd3,1,"477"
0x2adce538e273c5128f49595b0a2addb4ae511dbf,3,"356,357,358"
0x2b038c93d14e889184e9a59ee8b997011c2673b0,1,"617"
0x2b3ccb55a404c0e99add7e3041f76883e22e5e72,1,"621"
0x2b6ed02f0310aa1c6621c4f0a4d6677776fd8842,2,"559,661"
0x2c0b7e9f1e5a76a205e6de9028d1d64cfd31fefa,6,"325,434,476,774,796,876"
0x2c1f4df355e7d244b860621b4f428ad1fd975bb0,1,"637"
0x2c413cdef230dfa63db44e573e1cab18795a5d6d,2,"175,176"
0x2c7956fb5fa79ba7db5ad2f3b1c36ef79e9338b9,1,"183"
0x2d94f62d707e1e11ac3362b4a8883f9b513500e6,1,"492"
0x2dcae1d2edbec23dd7c7592df1348b58eb97bf91,3,"395,524,537"
0x2f23158efc11c579d2bd5b479b84dc5da1807da5,3,"370,711,874"
0x320b9017d6d6b29361b6fd3fefba363b360c4a23,1,"894"
0x3259682e80547b33a3f665e31279c0fba491e8e3,1,"881"
0x3274540ea118808c912075809249f9ae12a41585,1,"654"
0x33c1cde57687b33388c4c9edf9904680140844c4,2,"448,449"
0x34389a1cea6513641699ce33f570032e9265967c,3,"189,283,778"
0x3496a0da043108ec81022ebecced3d0cf821a58d,3,"758,867,902"
0x349c87f2d822560223268f56dbbb65a0f635fd0e,1,"858"
0x35030ab4a73f12a8c0dc659ef0efe4b9317092b1,1,"692"
0x352bcd3c7c0b031c2e17fc9ad60b201810cb3673,1,"885"
0x35e3a5f9a59a441f5b87416ed68eb99753e59171,3,"533,534,829"
0x360afdbdbcf0188124e0b6e0e5ad197c00bef7b1,1,"891"
0x365132e4eb79a6a6a29f062deb8f05bff92d5ffb,1,"609"
0x365ca890920592de7ab45797df2ec996a6692c46,1,"771"
0x367907efb4f8aaaab11cd50dcbbde86d601573fa,1,"985"
0x37010cd3c9e6495be815b256c136f66f2883bc95,3,"192,193,194"
0x371bb5277de2a4b2a0ba976cd2e18fb1c4c6aebc,6,"510,553,895,913,980,1014"
0x375d676e4345d7991bf15dbc4be897004b02c5f8,1,"993"
0x376263942eaed29ba55af8793f0091e1090aeaac,1,"653"
0x37afb9f9d96ad1efee5b35e1c85e17d668753448,1,"701"
0x37b28c48febd71b7d73ca907770523089a09a427,2,"171,359"
0x37eb46b5afe361f725fa9601797a7eae44b0bb18,1,"1015"
0x38a404d2e859572fab457ad9adf3cd2d4781d718,1,"409"
0x38a69ebbfb26becb4a39154a176896086eef8622,1,"238"
0x397cbad116eb6a9621a5b1157a643b1fe1f85dfc,1,"294"
0x39c06b54686b0540d6d57a254b976b1df4310df1,1,"272"
0x3a61654b224868f44743bf40a1f1ef1f7f4840d9,2,"426,542"
0x3a6de8266241991a94c1648e3bec79cc06f0f38f,1,"697"
0x3ad229857e446b9c4e101c9e81d23813174ae00f,1,"496"
0x3afa42d87d546bf899159d858af7a650719ddbc9,2,"522,523"
0x3b1311f0932a397999e4e0eff2bbb28b0718a274,1,"964"
0x3d04e13e4b049915b45540287a3247ffad08a5a6,2,"279,797"
0x3d0de3a76cd9f856664dc5a3adfd4056e45da9ed,1,"904"
0x3e3a901dfc227c2964bd9c4f6892cbaf96c49cb4,1,"754"
0x3ec9d4c7b85be897b5c9f18f35566ee644dccc4a,1,"837"
0x3faa3641ddb5ad9a8185ce8de326be13e66f22f1,1,"375"
0x415295aca2dec303ef096e9f22576fe3538b5f0a,1,"1022"
0x41ccd7cfe46ede6ecf0a841c9a7afcd7599c254a,1,"550"
0x42626cd748d67d5c2c27f3afaadc3bea28a7ea82,1,"440"
0x431d70f6d111a4f91e139343c055ab0267a0eaff,1,"686"
0x44aa9f1c5d23971210ee16e96ffd95a06c295987,1,"396"
0x450f6430e63c7407b264d11bc9d514d972eb54a6,1,"278"
0x45adb237ce89381361c99c3861edb94479ad3b70,1,"182"
0x45d2fa7c5ebc15225ad6a25146fa7b924c83fcd5,1,"530"
0x460ddb531bb3fd2a29bcfde90a9b7bf977e91875,2,"309,310"
0x462ead764f2367fe78109598c0e5bfb4c9d43b03,1,"600"
0x4759ba4a0823ae42e3ae249385dfb49a774101c3,1,"203"
0x479eb982e6d5fbbf77f207184bafdee9aa8f01cb,10,"282,311,348,442,518,618,818,934,1009,1030"
0x485672c27fa30928349861e2b1b126a4a6d00ff3,1,"766"
0x490f165270163e904cdd677686acf86dc06790dd,2,"223,224"
0x4a3a6c0fabc5b15d38ae859ac43791f94f5795de,1,"859"
0x4c18b5d28f7445a9e0602d38ec2cb34ecac20e65,1,"245"
0x4c3c7bba317d83317bcc861714b74dccefac0d15,1,"824"
0x4d5d815c87dc7e81161b6910fcc746b4781b2fcb,3,"318,579,624"
0x4d8e49a2a89cdfa85d4ec02fac47b601ef495748,3,"295,677,933"
0x4e4aac9fe63d4ff50c8b09d79448a6a39baa97ef,2,"316,558"
0x4fd83ca2ecfd69a37f8c6c4d88377d861f60190b,1,"369"
0x4ff83c705cd9eba77f509138412810c60f06363a,2,"716,717"
0x51af05196fd5dde902262cd84075eb94ae559376,2,"635,636"
0x52081a6912cfa64968999fbeb31387446a49b207,13,"213,244,382,597,649,791,792,834,860,914,924,977,1028"
0x521dc01d9d26806092c45225200a09aa6d8f4b2f,1,"816"
0x523c6f0fd640055350af22fa5e5b83cd773d6ffd,2,"753,813"
0x530ec7e0de91c1f71eb7cd33229175a1b70d646f,2,"745,848"
0x538f8763282a1a6dfcfc4c9024631d5e79f869ad,1,"799"
0x545ef910c6cbb97ee0df691c4a952f7d024d392b,6,"298,361,413,417,779,1000"
0x54b03e5d5e01fd10969c912dd62a1061e96bd3d2,2,"141,674"
0x557758ec7fd3c7e8c1a6b5b42f15ac6b82891f18,2,"212,308"
0x55b7b045c65effcf61a01d7a8a979d2c258b7a29,2,"456,838"
0x56466a6ea6d50781590d361457364edb1a303a5a,1,"593"
0x56e272cccf89be591f63d521200cf6f06fd8bbcf,3,"371,608,789"
0x573d4f8ef8c0adf4ac3a1f07462fce777f1bb2f3,2,"235,236"
0x57568540beaac9a78b353b1b12ad0d3b0719ed14,2,"733,734"
0x5931f82f1b2683b3461bda1f20af09b3eb38c6b9,1,"441"
0x59c1bd6c122c6615ece5e02bbdc04b87b10d81a1,1,"508"
0x5a3f24151434d3125b2dfde4f3491e35ff2bf4cd,1,"851"
0x5a6632686fa13722c6a2e0a173db1f38dc4ac7ad,1,"225"
0x5b76dd6d1506658eb25652a61854ded918463c28,2,"195,305"
0x5b771eb0da5a5460cb6c1bc0084db0df8b789955,1,"227"
0x5c1400db3994a25be52787415074a50379f60f6f,2,"483,484"
0x5cac6e69e4fe2a29556ad91c94fe68259b663d85,1,"878"
0x5d28f42a1ed7680ae22f1afb05f787b594f5cf3a,1,"330"
0x5e2c902bbbd4e3f743940d14b36706a9bae7e0b4,1,"268"
0x5e4be30aeccb0c4f9811eb3876d0271ea826eb67,1,"899"
0x5f88648757873f178b69381384f2af43e55768df,1,"730"
0x5f9dd045a593134fc3d5df5aa27eb00a100bc34e,1,"866"
0x60205bab990bf54c701f8850e56bc52446008930,3,"351,788,965"
0x607fe5375f3d891806d2e2268801894222fcd2cd,1,"455"
0x6098753feaf8427ee5d30dccbdd94b74a16f3b71,1,"948"
0x61c7e844fc5c310f8451902597c0452ec12cc31b,1,"705"
0x62591cc06ef5f43ce79a06f7eb2aec59ef5d2374,1,"741"
0x6277cc43c7bc76cddd5f6d59b12d713d9e4b835d,1,"669"
0x649995f20d11f54188e865d8a4adcfde4692ecd1,10,"20,215,327,328,329,350,767,845,861,958"
0x65a9eaac945e1fbe5eb665ac064636f463508dd1,1,"170"
0x65f057baae12390962df18b3dbd37e797802e6ee,1,"573"
0x66741dbe71473188d2beb7893f1dcc28ae9ceb6e,1,"763"
0x66b33369524586788bbac9508e6b7f6a7e960e8b,1,"489"
0x66cb084c1d8eb991b25352a7cac0b9a55df4907d,1,"898"
0x66dece519efafd028ad350f73fb77591a5d5edda,2,"630,729"
0x6786e67c18630156fd154f25ba6d662823d1307a,2,"793,805"
0x6790ddf40f7cb2cea83cd14a42d0b312252d1ffe,2,"812,1013"
0x68227b00bcf55eaa0e3b11627ae5e19821a6538a,5,"319,511,551,603,996"
0x6a45168375ee0c08e8ede3e8ce083240c7bf6516,3,"512,513,514"
0x6a55d987b74de7f2a0aaf4ce3d23c08131a6bd4c,2,"595,1005"
0x6a771a3f243e98d92bb8ffa1fe76c7c32a3eba9f,1,"893"
0x6d2cea496ba329a0ce2a8e58719fc162c3d82c04,15,"177,333,429,491,565,588,610,679,700,719,806,855,929,963,1023"
0x6e1e4d3bcb1bb7c8f97b985a5f93c11c3808f4b4,2,"343,478"
0x6e65f8a0d5637ee77c9cc0bb058bd2a1b09bb2c4,1,"169"
0x6e941494dcbc9f1ae1cb2c45ad8b92e19d84ce72,1,"246"
0x6f2c4676f8750e4d5751ba72af21fbd33f325444,1,"892"
0x721fb1502510029ded284897c5ab2a8fbd68d668,1,"437"
0x7284c43a849985cc59c777b16fc040bfb4ffe0e1,2,"563,930"
0x72b293417c86d21493f9a7b487eac2145fc08286,3,"179,180,372"
0x72b4ba37ddfb5e9cda5ba8b4176212d11de9f7f7,6,"415,416,430,438,783,1016"
0x72eca5e1907c6766553d0937689907d2f9509219,1,"638"
0x7367772422348626242bb837a35a0224e5d96c6a,1,"915"
0x736f1636cc4e86fcc20f00176c4081bd6fd4b063,2,"199,400"
0x74e66a000b14212a2baeec9edabf1ef4164f9e80,1,"578"
0x7515fa96acafeaaa827303acd2a5c5d1c885023c,1,"324"
0x752a21970c7a40ae54031cfae630371396463d86,1,"672"
0x77a7903c5ddb8cff56a95b461d9740d4a7bf7d24,1,"957"
0x77a9e40c0b0033af3e2a7dc9344327bb91459a5f,4,"13,353,354,355"
0x780b6b1a935e52b41fe895236073d254f189f3dd,1,"696"
0x7813ec06a79821e5f2d71c6e86d39bfe1c66a8bb,1,"787"
0x792edb670693216b52d9d558c1b40ae93d607056,1,"782"
0x7947d3a0a678f93a9ddb47a4153fcaa6c510a9f1,2,"14,480"
0x7949fbdf4ff5efc7505062c6cddb22635376fd41,1,"572"
0x79f095c916abf6861333939b44453d1f4db4134c,1,"237"
0x79f839e1224f4123ed36f0d47365c0f35a22c30b,1,"925"
0x7a049b52920ab21001d0bc6dfe7a20257b85945e,1,"403"
0x7a558a236dc92f5fdfc3d9b14b8bb0ad6912d938,1,"427"
0x7a94342fc568e6e057c082765b81f4e3f16640d7,1,"596"
0x7baae4eab0e08ebb47f0b39acd77e390d4f321cf,10,"313,314,383,468,516,583,752,794,903,920"
0x7bb3bc8164885d8d8f287e9336b0450b8683db4c,1,"541"
0x7c1f45082dd441a906f6d7b63d8108313d28d280,1,"975"
0x7c4d298ff07153bc7a47dee05b9dfd61e35ef342,2,"633,634"
0x7c945b48b0bbb207577f1d4e183b8fda377483da,1,"703"
0x7e8cae716323bc5b2af2544294c2406022987109,1,"976"
0x7f16a43033e73109755e1f87b263e0b3a0dedcea,1,"852"
0x7f6d50b20f80b8b83be549c0bf035f83dd3c4cd2,1,"979"
0x7fc0df2a76fc423c3d150d603292fabd06d5f782,1,"587"
0x81c6a442bfb0eccd4ce1725814ef0127a7feedb7,1,"883"
0x82da112d2475f59b92eef4947bb7044c30be1ce4,1,"732"
0x82dcba7a8bf3aa462040038ecb3d5d90901676e8,1,"919"
0x8387d9a00976b07ebc3d0eb029ef833a405c2ca8,5,"447,459,555,589,598"
0x84123d32f75647d149d62fa043b1bdb86f8e62cc,4,"315,581,665,863"
0x8434205c1909c8b7ed0d225043bc114d86582ab0,1,"281"
0x84792e0f6f7b4861ebcd75e93cf7539186a77180,1,"404"
0x854cc995542e05c7bea57034e2b2e88d509d9431,1,"232"
0x8561b3b0f51688fbcca21de811c5c1c62407a78c,10,"186,198,406,425,543,847,935,973,978,999"
0x858817885f4dd1de034d2cc7b9fcf1e87899d109,1,"312"
0x861641d9b67046c7d6e25f5cf378077896553ffd,1,"390"
0x87724f88f2220b1b7eb7434b0395b51927c51049,1,"868"
0x887fbfda92c658756de4954332256790760f662e,2,"273,843"
0x896b2797442e7066f2e46959a0b32398999fcc0d,2,"760,761"
0x8a25b453a19a730d30c1a5407c4b31d3b11ec194,2,"190,205"
0x8a5e0a140fd2bd671efeeabca0229a8527ec8bb7,1,"726"
0x8b6634a77b7c2a280f64a76d7a0379282477401f,1,"362"
0x8b7695e6e1e8572def96131da1d2a5e63b337ec7,1,"853"
0x8d5ccd5275141de22650d9570f4f56db87807425,2,"560,836"
0x8dceb0f2ce1844af252ee9ce3a9d84b738d3d9b6,1,"886"
0x8ed4f5823104c7c0566446c962475d55be7f8ba5,2,"721,722"
0x9049e81255585e6b7f2180c57fbde81cd61ec77e,1,"299"
0x911d7f579c9ac29c39fde217a08096407cda3f4d,1,"865"
0x9201494bd4bd4f3d064529783a8349f3f2d29372,1,"662"
0x921d16b13fe619e4510c082892b3871f3c85498c,4,"8,228,229,230"
0x93848cc83346548a269eeb042cb23dec6fba8084,1,"995"
0x93a4d3d4454644a3df432d196999424283420cd0,1,"564"
0x9416be96011d6c675164c37be2743128850e8a29,1,"431"
0x94c638baee3aec5b09b8046cb8d8fbabfe628684,1,"839"
0x952be5d51faccf85b9333c86890a48792b0da94f,1,"1024"
0x9541738f4adbc711a3a7d8689cff272e4e093929,2,"737,738"
0x95d41776812c6ca222dd5fdea56c065b55ff7655,8,"214,377,392,408,631,698,776,932"
0x961b47ee67fa9aa8c916d0d7a61c5bbeef8a018c,2,"275,276"
0x963572ba464dde8f437e19b6110bc38d5dc00c21,1,"473"
0x96463e29607f0f400dec7905b375f07ac7e24cb7,1,"338"
0x9750a6f0a1220a09b122e267d6484bc1f0e8f798,2,"181,664"
0x978ffd62123b54de0a7886f38b2145e165cb314b,1,"300"
0x98a43828a25a1834e518931f870b95dbb19eee19,1,"801"
0x98ee5e625778976ac06b787497414952f00f0374,1,"575"
0x9968a6dcfae14162f9e28f124a11b12699e527d1,1,"757"
0x9986873e5bb99141fb49b30c55bc14f22c0d9e65,1,"517"
0x9a06d523fea656b41d9fbbdd0330126861a02998,3,"366,586,950"
0x9a1452b82f7a4f5e6b3895af56bc70c31cbc0d1c,1,"479"
0x9aaa8574d19480427696f2290ada5e958675ad50,1,"339"
0x9ae293893f19e12e1a56faa179680e0e652ec63a,1,"646"
0x9ccae0a840577e304788ab54c5050b80a1e35398,3,"650,651,652"
0x9d2aa2571da4fb680ecced0f18192a90d9757952,2,"750,751"
0x9de91fc2ea41a6a51237aafcf85c840a4ebae812,1,"769"
0x9e3ce07db3be079218c3601411354ef65eaa692d,2,"332,922"
0x9e54d103b00aecb003459bea82475dbfc370fddf,1,"494"
0x9e7ec1e36162fc7f79f6c0377fe50574227d4fda,2,"142,151"
0x9f6f33149fcb1a24de8054b35c90ebfb9ab4b132,1,"820"
0x9fa83ddc747c7c359efc2c4a653f25430ed09ea6,2,"746,747"
0xa0253fbe36208602d6e5a882f6662959bbbd9fe6,1,"856"
0xa115cd20434a5f65d62b028bc28b897477b60d88,1,"451"
0xa142e37a93f0762ba14224eaaa42ffee6e02a616,1,"286"
0xa1bb576d5dec8de0120d1e3b45661487d21465c2,3,"911,916,1025"
0xa1ece224be27c895dffe0db939615e0420982455,2,"274,900"
0xa27121d3095d21e5ad014ef51ad7fdcee186b63a,1,"206"
0xa2b5e9106883214557694da3081490ddccbc8108,1,"960"
0xa2d441e4c28562f1bfade890fb4ce1905e6146ce,1,"222"
0xa3014d7a4cfff47acb12e7d845e7c447ea93ceb2,2,"611,612"
0xa320daa989ae8d6d7813340697f4f9e75f5b78e8,1,"4"
0xa33f60375931ca2dc38596a26e66e26526dcc4c9,3,"682,683,927"
0xa36fbe6b4093535f488e13e38f83378103c484f7,1,"629"
0xa38329064572b18d6bc7bdfbfc8c18d9f6fb9ae0,1,"261"
0xa3d506ea0aea630730332b61b4dd057ca7c6b159,2,"569,570"
0xa475e146eaf8803f7afe18386a6ba11e5fa90461,1,"884"
0xa4f9d02cd829ba1581cf1a6dd4f914ee9d534892,4,"340,363,968,981"
0xa5e939fc958145a01d5a71bff4cfecd29a66fad7,1,"202"
0xa65e1afab1822e9df90c278c73973551248bf5ac,3,"217,814,942"
0xa66db1785e461e759ba3040e5332547413c21d3e,2,"253,694"
0xa74aaa7d063bf8c9f316fceb93f63be2602941ad,1,"844"
0xa7b452e57de8a705a23c33001f90e4adf9004a90,1,"962"
0xa8cc55036843da11cf4588c42391d705f6d1dfc8,1,"254"
0xa9436a0e4bfd13d8eabf288435fc850d74d22026,1,"218"
0xa9dab2e0149c5ea4cdd7a70832ee8fa9103484d7,1,"817"
0xa9ee4d72dd6081668e8b30649e9e095fca00ab9f,1,"938"
0xabd29e9f206b20148e03f95c31c5f3139c0e9999,1,"474"
0xad2cabb2a4cbd74b2d0167138474c1a6f475b0f5,7,"505,506,507,539,870,887,989"
0xad3c6d40dcb9dd71ee6d8ad4746b25398027ee21,1,"670"
0xaeb09ed3407a354f1a63e82953a26fe8f2fcc261,1,"317"
0xaef683a94e57b290cb6c7af235b0fe017e80c238,1,"655"
0xafb4bce970b77222a74d240294bd67216114b8eb,1,"974"
0xb0e06add73ddd276d731f5419ebaf81d6615b14e,1,"509"
0xb2eb4f13a0b4cb237cdb809353d17ea90ba8a418,1,"391"
0xb42eebd415e254043f3631d8faa83956c1fbdf42,1,"660"
0xb45fcf6e1dab1f15a21449d75f00eef34fa7cb5e,1,"231"
0xb46bf163c3b7de6b80270ece9012a276863842f0,1,"850"
0xb4dff2c9b4db343ed94fb9bf4788bcbd59d101b7,1,"307"
0xb4f1f817809586d98c63886ec8d4d635185fa5d9,4,"526,527,528,529"
0xb555daca54d54163865897fa02917ed2f1820f21,1,"928"
0xb5d57bb186b0e670d8e083ac11d29ebc3a851bea,1,"485"
0xb626bf8fde033a575356bb7f757f0833e5ada8d2,2,"443,444"
0xb62d4d6609679c94b39b5c319b041d385ed70bd3,2,"525,676"
0xb64e3f44ccb7e2c28956b8f975cd463de426d46a,1,"207"
0xb7b7398181d94540a74df7ba351ca6088d9c5225,1,"831"
0xb850a0a856055d9f2ae6d7355f2e07a00a3cc646,1,"917"
0xb8afd6a452a3459f70c0de50a81615e163402b02,2,"556,557"
0xb8f1ba7e145e33c0e7fda17e7d078c096a9d1584,1,"458"
0xb8f64379d5f3d05579bbd8c2c2faa03a71cb07a1,1,"967"
0xb9537a30016dd2abd6791b2d64cc4258237d228c,1,"184"
0xb976dfede0be9ae7af7cbd99254dd093f0a3e50f,1,"628"
0xb98519eb872d973b95c5c90b44e48759654a6666,1,"1006"
0xb9b94a138a4b3cf982dfbf8685b6652fda5051b4,1,"689"
0xba30494de80cc9b8db0be1750c06b21e80f3a08f,1,"941"
0xba502f2993559fb55e0e8db511c6e5d72d5d6156,1,"584"
0xba6bf20fd7e825af0eb69ed6a6c2282e5945db0f,1,"840"
0xba97282d71d3c5b73fd23ec3fb8514aa092004d4,1,"554"
0xbaf265199f93415fe35f2c747c4e3299ff4eca27,1,"385"
0xbb965d3301ca08a9f9eadb86a93cc18a08c4293f,1,"830"
0xbb9a9644dbb8952a0ad03f7ce7671c07f5643bb3,2,"735,736"
0xbbf33aeeaa5a68cece77c01d2b4eacd4d685136a,1,"488"
0xbc6cbc95d86a6a9537375640fbc0cf0db8024268,1,"841"
0xbcc24929108278944aa180ff8322b900356f7701,33,"173,221,277,297,303,304,341,364,379,397,398,420,421,432,436,445,450,536,549,625,712,724,770,777,784,798,826,912,937,945,951,1003,1010"
0xbcddd321c83de95cb62b619409cbef39a5c1a267,4,"36,320,321,322"
0xbd36dcf15db0a9449ec5ccc997df1c756fc16ac5,4,"287,288,326,601"
0xbd7477006daa466d15d0b13f614e84c1e5def06a,1,"640"
0xbdd4c6b3c82c5b0e153739d514b23f10b6d68a37,2,"713,714"
0xbf016ccf042f6bba524b246f7d90aac0ac83a656,4,"285,815,906,909"
0xbf3aae135034452987490d6587b42704e617cf79,2,"239,423"
0xbf3bbfb0cf0151b292f04531e26ea2d3ffb1e150,1,"710"
0xbf6d8b985634485218cd1fcc651144df4bd593e3,1,"422"
0xc167f6f6cb2c684eb4c46179623f23d82e9fd654,7,"243,347,407,620,740,748,864"
0xc1b43bbdcd6884b581f83ab92e9b718bad19dfb3,1,"1018"
0xc1e52555b146832e7b9bf5795b1cb3f4344f8431,1,"346"
0xc25462b9375ab11cd0399eb9eb6f833a4363e14a,1,"762"
0xc2a97337c656a0d9f09de7b44db772582098efd6,1,"727"
0xc35b0b63fbbabbe889fd9f22aa6ec0fba6961dd0,3,"433,835,1007"
0xc3cccb69981db01e03b22d1f6b29f2e3fad46033,1,"248"
0xc4247f76064b7a4990f1f7566f4940d61d882eaa,1,"582"
0xc4ff8c7433c14b3f4122deae8a6a9abe24ab950e,2,"258,997"
0xc600298b2a067bde7308aa630f35d4ab11cebc14,1,"688"
0xc726060e8872f75a7c6f029638a3e5ad64ab5881,1,"538"
0xc7f1ad366fbd25016970facb9fb27992c44ccf36,1,"873"
0xc834cc07d26934091c0a634213c7632f2be58345,1,"247"
0xc84839229a27b288c94323141a69ea5b5560de7c,1,"966"
0xc88dc3f2cf41d0e25df58f40ca58a54b4105d3e3,1,"211"
0xc89a758db95431834bd2153feb27b38703cc144f,2,"500,880"
0xc8e66291fc15b6392d56ac2ef3db3ce4fd8c070a,2,"256,961"
0xc960517dee7a3fc8b1f28481fd82756023d3470d,2,"471,472"
0xc980c64971aa070ffe2074ed8e611eedbac1c9f9,1,"374"
0xca07a6f0e85b354646d6a21ab909466cdfb6a27a,1,"940"
0xcb33c029aa1dbaf1743f4a4fe84d88336eedec98,1,"691"
0xcb47222497c87a75b211d333a25c7e7cc8abfc90,2,"498,499"
0xcb6e4964789f9e3f658a8778e4164baf30690a4b,1,"658"
0xcb70aa1b424a0ed377945d5fa5d22a2956270163,1,"401"
0xcbb98f47d3e2eb6ae4aa1b3a51485a192e3ccef2,2,"306,744"
0xccb80763b932d03a6c5f0c4877f54b9992cb9ed4,1,"663"
0xcd90574bc2ef39bcebbc5561c1c9d8e42110c239,1,"875"
0xce603e5eeee3195fd6773fb02bf97bc4e43649aa,1,"671"
0xcee77a83af12e8e28ee4bcd3bf3974f930e749d5,1,"699"
0xcf10ce2d365b4a29c3052ecf3486d39b5b99a249,1,"577"
0xcf3b8981abaa56a8e41117b0c721c05f608400a7,1,"759"
0xd082eb60dc8dd4f34ff6fe91ad8d21faecb843b8,3,"493,641,998"
0xd29869f86cc751ca25a5a3e8cbb1c47501201737,1,"1004"
0xd38d0345851dd9d83d67311bf084a37fb12609d5,2,"497,585"
0xd3b7df4d1132c32332cd2003896d35474d128123,1,"949"
0xd3e909d154ce9641a00d6b90ff11f6d1a8e21ba9,1,"393"
0xd722dd9ce0087e12f529dc37ddbad40a24059bec,1,"461"
0xd724025aeffce1821a4c39d621d91cbe27d5251a,1,"439"
0xd77f7cb0a3ae45eb3e5a05e50ff41ac0f1d170de,1,"888"
0xd948389216be7e837c317a2fe3e0c2e5d143b978,4,"344,345,780,1026"
0xd94f7d245b7cdbd5299a567ba212493f3afd600f,1,"457"
0xd97326a35130d5e8c8480b6b1e509dddbd752e9d,1,"532"
0xd9f735e64919d2cb0e4abc384a4bb4d3bbfc3ecb,1,"394"
0xda11c7475da3d28bc7f041851e640ff88d00e9b5,2,"191,204"
0xdc18dab67705094e0715e5b89f76c3cd12bd7f26,1,"825"
0xdcba3f2d2447e0b3e4c26bcecf938f2f07d6b6a7,1,"462"
0xdd0b5a266e13bbea36212575129480d787b7105f,1,"255"
0xdd9e75f14f0bc441ca3cacf5eada8d46d9d53174,5,"28,44,267,269,955"
0xdf069da14f40c19961c20b284dc2210c6f1113fc,1,"952"
0xdf214988b8f13d87d1acebe96ced5c7a79e6bd4c,1,"334"
0xdfc19dd5f80048df12d7a71cb01226f8ce24a954,33,"85,86,87,88,89,90,91,92,93,94,95,96,97,98,99,100,101,102,103,104,105,106,107,108,109,110,111,112,113,115,116,117,118"
0xe02e855c6cc8dbd3a79c0f7e93a4f8f73a2601cf,2,"833,982"
0xe1da9e3ea9efc074ebffd4d2bed209b370705188,1,"800"
0xe2542f84b3228d69347e6e4c959fe0efb6ca1950,1,"470"
0xe309c6b8e5af174632ddd2afcb19b5f457c2cf6d,3,"616,684,693"
0xe312d20a235cbbbdef73b2ea4004bbbc6e74fc33,1,"381"
0xe3b84986472f7fea21e7f7b447456160b304d2ed,1,"704"
0xe475ee006cf97bdce8275cb70319384ed59593cb,5,"216,419,590,702,972"
0xe5f9aba6cc604f987b7a85759c6e71194e35f5a4,1,"428"
0xe6cf807e4b2a640dfe03ff06fa6ab32c334c7df4,2,"821,1011"
0xe6d7d39bb941a6d677d7927d2a4ef23e97546617,10,"188,196,197,260,571,580,657,678,690,725"
0xe73e03a5765036bec6b6d7d848a7b8d366354fe9,1,"918"
0xe77a035621f29a1501735aa05fb308671e7a243e,7,"380,414,482,622,647,648,656"
0xe786b4e761a032f4cea9b0a11ed36e5ae6b48c79,1,"772"
0xe9386a38d2279dfa3b39a85f23fff3c203cebaac,5,"18,289,290,291,1029"
0xea60193bdb97df613fbd0ddd439168631ac228c4,2,"547,548"
0xeaaf049c385b33f20a472ad24046f4212868d055,1,"599"
0xeb3932000ddaf62f3ce4e0dc143ed2c31eb91943,1,"323"
0xec823eaffa4584f482a0d9c3e634840d14066242,35,"51,52,53,54,55,56,57,58,59,60,61,62,63,64,65,66,67,68,69,70,71,72,73,74,75,76,77,78,79,80,81,82,83,84,270"
0xed4c57fcd429240eb2190627f2971ec80d58bbfe,1,"386"
0xee352e34a7cd45aa3003f26b2a1a4d19858ac798,1,"971"
0xee7a7d85336aa5f6da385de1547c7381719d9d08,1,"178"
0xeee26e1ec796fadeb26b973f670917366ca09737,1,"25"
0xf0b71a9e7f7d2f521c29dfe3f9a9c48264eb9892,3,"544,545,546"
0xf10ed040f182511ef2179adea749920881a4eef9,33,"7,9,10,11,12,15,17,19,21,22,23,26,27,29,30,31,32,33,34,35,37,38,39,40,41,42,43,45,46,47,48,49,50"
0xf224fde44a4585240318bd4b2b3f7119d0316cfb,1,"187"
0xf26dc4b22cd8227e45b81cd5f0105d9c7f058bdd,4,"271,515,576,743"
0xf27732351024f7d9a9da128311e13bfa183bde8e,1,"926"
0xf29a037bb8c50bede78acaf5e6df9810865b330d,1,"405"
0xf2f5da9a4bc63f9aa77ac67f8ca2700e8218deb1,1,"521"
0xf33b608f45aa8fcd8747ec018f9ab4691a13a5c6,1,"768"
0xf408d17df0187b90d33fdff1e604f08fc74a0c00,1,"987"
0xf56ba8755d9798559f722a089eb4f3f17b2f4fbb,3,"6,349,519"
0xf5ede9501e8827ff9dc13a83dc967f9b7bef4024,1,"568"
0xf695ed18ab6dcd088ef3118facde6ea1ff7d42a9,1,"1002"
0xf7e5f33025ab4be12fb1d4da61f846037fe0d00a,3,"465,466,467"
0xf81a48410c448b1d587be9bbb3b23938e9f4bfd4,3,"250,251,252"
0xf83f18492494ae2e873b0cd01633acbf75a4aec4,1,"402"
0xf8baf2541defab76f2c344ff10cd6d4ef74d3432,1,"5"
0xf9102e3b05eb6f26c300df9e21bdd3f3b40d329b,1,"639"
0xf98e56b9a2ccd8e9bd3e8f7e39399e53c9c4c01c,1,"832"
0xf9e9d488adc848fefc5eff30d450fb60922c9e28,2,"2,454"
0xf9fdbed64ced4e052cacb3c06507c34750843175,1,"879"
0xfbbf2d37564e949e77efebca7ac6d6a052f99dd7,3,"145,668,695"
0xfbc9254868a6e10d633b07104d2fb880e320865d,1,"709"
0xfcc046638865d027cb53c3edc1353c1b4e7f01c5,1,"687"
0xfd826bbc9120e81097da803fecc5e610b6559815,1,"138"
0xfd92896f2be8a3f6bab06ac4cb9542627f0fead4,3,"666,803,1020"
0xfdcfb6e689a9c021f9d74a519fccf80718398c5e,2,"147,292"
0xfe16f424662b797261c40f8ac2c879aec986288e,2,"240,453"
0xfe2fdb1172a70e6ef2d3b973685d74c5a6be7e59,1,"1019"
0xfe5050651b622f56e8931d172615b01e1065527d,1,"869"
0xfe60d30b5012c90556b9a22e17cf4824aae49c97,1,"765"
0xfeba21dfac0cc0738a1c8e4492b294a4e6cfb688,1,"667"
0xff8955f1afb9024af9139ec6f9249e9636daa2a6,1,"986"
0xffe9309a3c8eb35c587130b9d5d1baf60eafb61b,1,"591"